date,auteur_com,source,commentaire,poste,date_post,auteur
29-10-2025,Ismael Traore,OLBCI,Assurance yakoconfort prélévée une fois par an..,clients sgcique signifie presentation prelevement 7000f cest la premiere fois que je vois ce mot eclairez moi,29-10-2025,Ohouo Georges Achi
30-10-2025,Serge Oscar Kouaho,OLBCI,"Cela fait 3 ans maintenant que la générale me prélève pour ce produit sans mon accord, après plusieurs réclamations, pas de suite satisfaisante jusqu'à présent",clients sgcique signifie presentation prelevement 7000f cest la premiere fois que je vois ce mot eclairez moi,29-10-2025,Ohouo Georges Achi
30-10-2025,Sorcier de Ton-village,OLBCI,Est-ce que ce ne serait pas un prélèvement pour organiser la fête de la réélection de Paul Biya?,clients sgcique signifie presentation prelevement 7000f cest la premiere fois que je vois ce mot eclairez moi,29-10-2025,Ohouo Georges Achi
30-10-2025,N'dri Guy Roger Gnagoran,OLBCI,Yakoconfort ?,clients sgcique signifie presentation prelevement 7000f cest la premiere fois que je vois ce mot eclairez moi,29-10-2025,Ohouo Georges Achi
30-10-2025,Kouande Jules Kouame,OLBCI,C'est le plus bon produit de la générale malheureusement certains gestionnaire prennent le malin plaisir de l'associer et d'autres produit sans explication,clients sgcique signifie presentation prelevement 7000f cest la premiere fois que je vois ce mot eclairez moi,29-10-2025,Ohouo Georges Achi
30-10-2025,Dotchié Sié Ouattara,OLBCI,C'est obligatoire ?,clients sgcique signifie presentation prelevement 7000f cest la premiere fois que je vois ce mot eclairez moi,29-10-2025,Ohouo Georges Achi
29-10-2025,Aristide Tossou,OLBCI,Oui cest ça yakoconfort. On m'a prélevé 7000 le mois passé,clients sgcique signifie presentation prelevement 7000f cest la premiere fois que je vois ce mot eclairez moi,29-10-2025,Ohouo Georges Achi
30-10-2025,Jacques Adou,OLBCI,Ce qui est intéressant la banque a toutes les réponses pour le client que tu es même si tu n'es pas satisfait,clients sgcique signifie presentation prelevement 7000f cest la premiere fois que je vois ce mot eclairez moi,29-10-2025,Ohouo Georges Achi
30-10-2025,Derozalega Delta,OLBCI,Je dis nos banques de côte d'ivoire ne les fis jamais confiance à ses genres la femme comme homme.ils ont toutes les solutions pour faiblir les autres clients,clients sgcique signifie presentation prelevement 7000f cest la premiere fois que je vois ce mot eclairez moi,29-10-2025,Ohouo Georges Achi
30-10-2025,Lèmko Foot,OLBCI,C'est une assurance sans contrat appelée yakoconfort,clients sgcique signifie presentation prelevement 7000f cest la premiere fois que je vois ce mot eclairez moi,29-10-2025,Ohouo Georges Achi
30-10-2025,Beckers Akatia Lepigeon,OLBCI,Avec sgci il y'a toujours de nouveaux dossiers,clients sgcique signifie presentation prelevement 7000f cest la premiere fois que je vois ce mot eclairez moi,29-10-2025,Ohouo Georges Achi
30-10-2025,Kouande Jules Kouame,OLBCI,"Les banques ne nous volent pas , elles poussent plutôt les gestionnaire a mal travaillé pour être performant.",bonsoir a tous je viens par la presente publication denoncer un fait qui sapparente a une anarque de la part de la sgci des prelevements de produits auxquels je nai jamais souscrit sont faits sur mon compte il sagit de certicompte et yaconfort je me rends a mon agence pour comprendre les raisons de ces prelevements et demander une preuve de ma souscription effective a ces produits la responsable me fait savoir dans un premier temps que ces produits sont lies au compte courant et ont ete actives depuis louverture dudit compte apres insistance elle indique quils ont ete actives suite a un pret que jai demande ledit pret a ete rembourse depuis plusieurs annees mais ces prelevements continuent nayant pas souvenance davoir souscrit a de tels produits a la fin du pret jai donc sollicite les documents autorisant ces prelevements qui seraient des assurances dont mes ayants droits beneficieraient en cas de deces afin de les conserver comme preuve je me rends compte quil ny a aucun document portant ma signature pire cest maintenant quelle me tend des contrats vierges des differents produits que je dois renseigner ce que je refuse et depose une lettre de resiliation a sa demande bien que netant pas daccord je constate a ce jour que les prelevements continuent je precise que ces prelevements abusifs durent depuis 2018 alors que le compte a ete ouvert en 2011 je souhaite vraiment des eclaircis avant que je ne fasse le prochain poste dans lesquels je citerai lagence la responsable et la gestionnaire avec les preuves des prelevements,30-10-2025,Houlé Félix Daple
30-10-2025,Sindou Blekiss Tiene,OLBCI,Merci chers tous,bonsoir a tous je viens par la presente publication denoncer un fait qui sapparente a une anarque de la part de la sgci des prelevements de produits auxquels je nai jamais souscrit sont faits sur mon compte il sagit de certicompte et yaconfort je me rends a mon agence pour comprendre les raisons de ces prelevements et demander une preuve de ma souscription effective a ces produits la responsable me fait savoir dans un premier temps que ces produits sont lies au compte courant et ont ete actives depuis louverture dudit compte apres insistance elle indique quils ont ete actives suite a un pret que jai demande ledit pret a ete rembourse depuis plusieurs annees mais ces prelevements continuent nayant pas souvenance davoir souscrit a de tels produits a la fin du pret jai donc sollicite les documents autorisant ces prelevements qui seraient des assurances dont mes ayants droits beneficieraient en cas de deces afin de les conserver comme preuve je me rends compte quil ny a aucun document portant ma signature pire cest maintenant quelle me tend des contrats vierges des differents produits que je dois renseigner ce que je refuse et depose une lettre de resiliation a sa demande bien que netant pas daccord je constate a ce jour que les prelevements continuent je precise que ces prelevements abusifs durent depuis 2018 alors que le compte a ete ouvert en 2011 je souhaite vraiment des eclaircis avant que je ne fasse le prochain poste dans lesquels je citerai lagence la responsable et la gestionnaire avec les preuves des prelevements,30-10-2025,Houlé Félix Daple
30-10-2025,Lass Vainqueur,OLBCI,Je vais bientôt traîner la SGCI en justice. Tout ceux qui sont prêts à suivre la même voie veuillez vous joindre à moi.,bonsoir a tous je viens par la presente publication denoncer un fait qui sapparente a une anarque de la part de la sgci des prelevements de produits auxquels je nai jamais souscrit sont faits sur mon compte il sagit de certicompte et yaconfort je me rends a mon agence pour comprendre les raisons de ces prelevements et demander une preuve de ma souscription effective a ces produits la responsable me fait savoir dans un premier temps que ces produits sont lies au compte courant et ont ete actives depuis louverture dudit compte apres insistance elle indique quils ont ete actives suite a un pret que jai demande ledit pret a ete rembourse depuis plusieurs annees mais ces prelevements continuent nayant pas souvenance davoir souscrit a de tels produits a la fin du pret jai donc sollicite les documents autorisant ces prelevements qui seraient des assurances dont mes ayants droits beneficieraient en cas de deces afin de les conserver comme preuve je me rends compte quil ny a aucun document portant ma signature pire cest maintenant quelle me tend des contrats vierges des differents produits que je dois renseigner ce que je refuse et depose une lettre de resiliation a sa demande bien que netant pas daccord je constate a ce jour que les prelevements continuent je precise que ces prelevements abusifs durent depuis 2018 alors que le compte a ete ouvert en 2011 je souhaite vraiment des eclaircis avant que je ne fasse le prochain poste dans lesquels je citerai lagence la responsable et la gestionnaire avec les preuves des prelevements,30-10-2025,Houlé Félix Daple
30-10-2025,Benvinda Lavrador,OLBCI,C'est ce qu'on doit faire. À moi aussi on m' a fait un prélèvement depuis février et ils sont incapable de me dire de quoi il s' agit. Tous me disent ce que est une erreur mais pas de remboursement malgré les nombreuses réclamations.,bonsoir a tous je viens par la presente publication denoncer un fait qui sapparente a une anarque de la part de la sgci des prelevements de produits auxquels je nai jamais souscrit sont faits sur mon compte il sagit de certicompte et yaconfort je me rends a mon agence pour comprendre les raisons de ces prelevements et demander une preuve de ma souscription effective a ces produits la responsable me fait savoir dans un premier temps que ces produits sont lies au compte courant et ont ete actives depuis louverture dudit compte apres insistance elle indique quils ont ete actives suite a un pret que jai demande ledit pret a ete rembourse depuis plusieurs annees mais ces prelevements continuent nayant pas souvenance davoir souscrit a de tels produits a la fin du pret jai donc sollicite les documents autorisant ces prelevements qui seraient des assurances dont mes ayants droits beneficieraient en cas de deces afin de les conserver comme preuve je me rends compte quil ny a aucun document portant ma signature pire cest maintenant quelle me tend des contrats vierges des differents produits que je dois renseigner ce que je refuse et depose une lettre de resiliation a sa demande bien que netant pas daccord je constate a ce jour que les prelevements continuent je precise que ces prelevements abusifs durent depuis 2018 alors que le compte a ete ouvert en 2011 je souhaite vraiment des eclaircis avant que je ne fasse le prochain poste dans lesquels je citerai lagence la responsable et la gestionnaire avec les preuves des prelevements,30-10-2025,Houlé Félix Daple
31-10-2025,Aman Aime Bosson,OLBCI,"Ohouo Georges Achi
doyen cela veux dire que soit ton gestionnaire a souscrire à assurance études sans ton consentement et ce argent qui est prélevé vas sur compte assurance NSIA assurance .. jai été déjà victime de cela mais je vous conseille de laisser ça vas arrivé a 100mille et tu fais ta réclamation au plateau au service Risque de la général il vont te rembourser avec les intérêts",clients sgcique signifie presentation prelevement 7000f cest la premiere fois que je vois ce mot eclairez moi,29-10-2025,Ohouo Georges Achi
31-10-2025,Nda Cha Leontine Otchoumou,OLBCI,"Sgci quand tu resilies ton prz pour être en possession de ton argent c,est un véritable chemin de battant hummmm",clients sgcique signifie presentation prelevement 7000f cest la premiere fois que je vois ce mot eclairez moi,29-10-2025,Ohouo Georges Achi
31-10-2025,Mamadou Business,OLBCI,On peut pas fournir tout ces informations sans la complicité de la d'une personne a sein de la banque. Alors porter plainte.,danger danger larnaque electronique est entree dans les banques il faut se mefier notez comment ces arnaqueurs fonctionnent 1 ils utiliseront le nom de votre banque pour vous appeler par exemple uba boa ecobank societe generale orabank banque atlantique etc ils vous diront quils sont des agents de votre banque 2 ils vous diront que votre compte a des problemes 3 ils vous indiqueront votre numero de compte et le numero bvn 4 ils vous diront exactement la derniere transaction que vous avez faite ou vous lavez faite et votre dernier solde 5 le jour ou vous avez ouvert le compte et lemplacement 6 votre numero sur la carte atm mais pas le code secretcode pin atm 7 ils mentionneront vos noms et date de naissance 8 ils vous demanderont ensuite votre code pin atm ils peuvent meme vous donner les deux derniers chiffres sur votre carte atm si vous leur donnez le code secret code pin tout votre argent sera retire jusquau dernier centime ils ont utilise ce moyen et ont retire des millions sur les comptes des gens a partager avec tous vos proches source police secours,31-10-2025,Guy Roland Carlos
31-10-2025,Gilles Tapé,OLBCI,À part de partager quelle autre précautions peut on prendre pour éviter d'être volé ainsi??,danger danger larnaque electronique est entree dans les banques il faut se mefier notez comment ces arnaqueurs fonctionnent 1 ils utiliseront le nom de votre banque pour vous appeler par exemple uba boa ecobank societe generale orabank banque atlantique etc ils vous diront quils sont des agents de votre banque 2 ils vous diront que votre compte a des problemes 3 ils vous indiqueront votre numero de compte et le numero bvn 4 ils vous diront exactement la derniere transaction que vous avez faite ou vous lavez faite et votre dernier solde 5 le jour ou vous avez ouvert le compte et lemplacement 6 votre numero sur la carte atm mais pas le code secretcode pin atm 7 ils mentionneront vos noms et date de naissance 8 ils vous demanderont ensuite votre code pin atm ils peuvent meme vous donner les deux derniers chiffres sur votre carte atm si vous leur donnez le code secret code pin tout votre argent sera retire jusquau dernier centime ils ont utilise ce moyen et ont retire des millions sur les comptes des gens a partager avec tous vos proches source police secours,31-10-2025,Guy Roland Carlos
31-10-2025,Afua Asantewa N'Guetta,OLBCI,Votre code PIN ne devrait jamais être divulgué à qui que ce soit! Soyez vigilants.,danger danger larnaque electronique est entree dans les banques il faut se mefier notez comment ces arnaqueurs fonctionnent 1 ils utiliseront le nom de votre banque pour vous appeler par exemple uba boa ecobank societe generale orabank banque atlantique etc ils vous diront quils sont des agents de votre banque 2 ils vous diront que votre compte a des problemes 3 ils vous indiqueront votre numero de compte et le numero bvn 4 ils vous diront exactement la derniere transaction que vous avez faite ou vous lavez faite et votre dernier solde 5 le jour ou vous avez ouvert le compte et lemplacement 6 votre numero sur la carte atm mais pas le code secretcode pin atm 7 ils mentionneront vos noms et date de naissance 8 ils vous demanderont ensuite votre code pin atm ils peuvent meme vous donner les deux derniers chiffres sur votre carte atm si vous leur donnez le code secret code pin tout votre argent sera retire jusquau dernier centime ils ont utilise ce moyen et ont retire des millions sur les comptes des gens a partager avec tous vos proches source police secours,31-10-2025,Guy Roland Carlos
31-10-2025,Lea Amoikon,OLBCI,Mais pourquoi donner ses informations au téléphone ???,danger danger larnaque electronique est entree dans les banques il faut se mefier notez comment ces arnaqueurs fonctionnent 1 ils utiliseront le nom de votre banque pour vous appeler par exemple uba boa ecobank societe generale orabank banque atlantique etc ils vous diront quils sont des agents de votre banque 2 ils vous diront que votre compte a des problemes 3 ils vous indiqueront votre numero de compte et le numero bvn 4 ils vous diront exactement la derniere transaction que vous avez faite ou vous lavez faite et votre dernier solde 5 le jour ou vous avez ouvert le compte et lemplacement 6 votre numero sur la carte atm mais pas le code secretcode pin atm 7 ils mentionneront vos noms et date de naissance 8 ils vous demanderont ensuite votre code pin atm ils peuvent meme vous donner les deux derniers chiffres sur votre carte atm si vous leur donnez le code secret code pin tout votre argent sera retire jusquau dernier centime ils ont utilise ce moyen et ont retire des millions sur les comptes des gens a partager avec tous vos proches source police secours,31-10-2025,Guy Roland Carlos
31-10-2025,Evariste Nda,OLBCI,"Seul un idiot va donner son code à un individu au téléphone.... même physiquement, jamais",danger danger larnaque electronique est entree dans les banques il faut se mefier notez comment ces arnaqueurs fonctionnent 1 ils utiliseront le nom de votre banque pour vous appeler par exemple uba boa ecobank societe generale orabank banque atlantique etc ils vous diront quils sont des agents de votre banque 2 ils vous diront que votre compte a des problemes 3 ils vous indiqueront votre numero de compte et le numero bvn 4 ils vous diront exactement la derniere transaction que vous avez faite ou vous lavez faite et votre dernier solde 5 le jour ou vous avez ouvert le compte et lemplacement 6 votre numero sur la carte atm mais pas le code secretcode pin atm 7 ils mentionneront vos noms et date de naissance 8 ils vous demanderont ensuite votre code pin atm ils peuvent meme vous donner les deux derniers chiffres sur votre carte atm si vous leur donnez le code secret code pin tout votre argent sera retire jusquau dernier centime ils ont utilise ce moyen et ont retire des millions sur les comptes des gens a partager avec tous vos proches source police secours,31-10-2025,Guy Roland Carlos
01-11-2025,Kouakou Kouassi Eric,OLBCI,"Seul un idiot va donner son code pin ou secret à un inconnu...ils ont déjà essayé cela plusieurs fois avec moi, mais ça n’a jamais marché...je ne t’écoute plus dès que tu me parles de mon code PIN...Je reponds à tout sauf aux histoires de code.",danger danger larnaque electronique est entree dans les banques il faut se mefier notez comment ces arnaqueurs fonctionnent 1 ils utiliseront le nom de votre banque pour vous appeler par exemple uba boa ecobank societe generale orabank banque atlantique etc ils vous diront quils sont des agents de votre banque 2 ils vous diront que votre compte a des problemes 3 ils vous indiqueront votre numero de compte et le numero bvn 4 ils vous diront exactement la derniere transaction que vous avez faite ou vous lavez faite et votre dernier solde 5 le jour ou vous avez ouvert le compte et lemplacement 6 votre numero sur la carte atm mais pas le code secretcode pin atm 7 ils mentionneront vos noms et date de naissance 8 ils vous demanderont ensuite votre code pin atm ils peuvent meme vous donner les deux derniers chiffres sur votre carte atm si vous leur donnez le code secret code pin tout votre argent sera retire jusquau dernier centime ils ont utilise ce moyen et ont retire des millions sur les comptes des gens a partager avec tous vos proches source police secours,31-10-2025,Guy Roland Carlos
31-10-2025,Ton Banquier en ligne,OLBCI,"Vous avez essayé un retrait de 200k qui n’a pas abouti, c’est ça ?",defalcation anormale de la part de la sgci jai un reel souci avec la sgci le 03 octobre jai ete fait un retrait au guichet automatique de koumassi dans la soiree et une demande de 200000 avait ete lance et le serveur na pas donne suite jai decide de lancer a nouveau un retrait de 150000 et le 04 octobre je suis repartie pour un autre retrait de 150000 et cest de la je constate que jai ete defalque de 150000 jai alerte le gestionnaire qui ma ensuite dit quil yavait un dysfonctionnement et de patienter jusquau mardi 07 octobre pour entrer en possession des sous je me suis donc rendue le jeudi en agence et on me fait comprendre que jai retire les sous dans un autre guichet pendant quil ny avait plus dargent sur le compte et aussi on me dit que peut etre une autre personne proche est en possession de ma carte bancaire et mon code bancaire jai fais une reclamation et hier je recois une notification quil ny aura pas de suite a ma reclamation car il ny a pas de justificatifs de revenir en agence avec plus dinformations pourtant jai juste des captures decran des transactions societe generale de cotedivoire priere me restituer mon argent svp,31-10-2025,Djeneba Cecile Ouédraogo
31-10-2025,Maarya Soumahoro,OLBCI,Désolé pour ma soeur,defalcation anormale de la part de la sgci jai un reel souci avec la sgci le 03 octobre jai ete fait un retrait au guichet automatique de koumassi dans la soiree et une demande de 200000 avait ete lance et le serveur na pas donne suite jai decide de lancer a nouveau un retrait de 150000 et le 04 octobre je suis repartie pour un autre retrait de 150000 et cest de la je constate que jai ete defalque de 150000 jai alerte le gestionnaire qui ma ensuite dit quil yavait un dysfonctionnement et de patienter jusquau mardi 07 octobre pour entrer en possession des sous je me suis donc rendue le jeudi en agence et on me fait comprendre que jai retire les sous dans un autre guichet pendant quil ny avait plus dargent sur le compte et aussi on me dit que peut etre une autre personne proche est en possession de ma carte bancaire et mon code bancaire jai fais une reclamation et hier je recois une notification quil ny aura pas de suite a ma reclamation car il ny a pas de justificatifs de revenir en agence avec plus dinformations pourtant jai juste des captures decran des transactions societe generale de cotedivoire priere me restituer mon argent svp,31-10-2025,Djeneba Cecile Ouédraogo
31-10-2025,Constant Tchapo,OLBCI,"J'ose espérer que ce n'est pas un retrait déplacé. Si c'est le cas, vous avez beaucoup de démarches à faire.",defalcation anormale de la part de la sgci jai un reel souci avec la sgci le 03 octobre jai ete fait un retrait au guichet automatique de koumassi dans la soiree et une demande de 200000 avait ete lance et le serveur na pas donne suite jai decide de lancer a nouveau un retrait de 150000 et le 04 octobre je suis repartie pour un autre retrait de 150000 et cest de la je constate que jai ete defalque de 150000 jai alerte le gestionnaire qui ma ensuite dit quil yavait un dysfonctionnement et de patienter jusquau mardi 07 octobre pour entrer en possession des sous je me suis donc rendue le jeudi en agence et on me fait comprendre que jai retire les sous dans un autre guichet pendant quil ny avait plus dargent sur le compte et aussi on me dit que peut etre une autre personne proche est en possession de ma carte bancaire et mon code bancaire jai fais une reclamation et hier je recois une notification quil ny aura pas de suite a ma reclamation car il ny a pas de justificatifs de revenir en agence avec plus dinformations pourtant jai juste des captures decran des transactions societe generale de cotedivoire priere me restituer mon argent svp,31-10-2025,Djeneba Cecile Ouédraogo
31-10-2025,Yaya Tiote,OLBCI,Je vais vider mon compte à la sgci..il y a trop de plaintes de ce genre et ce n'est pas fait pour rassurer les clients.. Toujours il y a un dysfonctionnement de leur système informatique... c'est désagréable pour les clients...,defalcation anormale de la part de la sgci jai un reel souci avec la sgci le 03 octobre jai ete fait un retrait au guichet automatique de koumassi dans la soiree et une demande de 200000 avait ete lance et le serveur na pas donne suite jai decide de lancer a nouveau un retrait de 150000 et le 04 octobre je suis repartie pour un autre retrait de 150000 et cest de la je constate que jai ete defalque de 150000 jai alerte le gestionnaire qui ma ensuite dit quil yavait un dysfonctionnement et de patienter jusquau mardi 07 octobre pour entrer en possession des sous je me suis donc rendue le jeudi en agence et on me fait comprendre que jai retire les sous dans un autre guichet pendant quil ny avait plus dargent sur le compte et aussi on me dit que peut etre une autre personne proche est en possession de ma carte bancaire et mon code bancaire jai fais une reclamation et hier je recois une notification quil ny aura pas de suite a ma reclamation car il ny a pas de justificatifs de revenir en agence avec plus dinformations pourtant jai juste des captures decran des transactions societe generale de cotedivoire priere me restituer mon argent svp,31-10-2025,Djeneba Cecile Ouédraogo
31-10-2025,Alexis Akpangni,OLBCI,Il faut forcément envoyé le reçu. On enregistre le numéro du reçu dans la réclamation,defalcation anormale de la part de la sgci jai un reel souci avec la sgci le 03 octobre jai ete fait un retrait au guichet automatique de koumassi dans la soiree et une demande de 200000 avait ete lance et le serveur na pas donne suite jai decide de lancer a nouveau un retrait de 150000 et le 04 octobre je suis repartie pour un autre retrait de 150000 et cest de la je constate que jai ete defalque de 150000 jai alerte le gestionnaire qui ma ensuite dit quil yavait un dysfonctionnement et de patienter jusquau mardi 07 octobre pour entrer en possession des sous je me suis donc rendue le jeudi en agence et on me fait comprendre que jai retire les sous dans un autre guichet pendant quil ny avait plus dargent sur le compte et aussi on me dit que peut etre une autre personne proche est en possession de ma carte bancaire et mon code bancaire jai fais une reclamation et hier je recois une notification quil ny aura pas de suite a ma reclamation car il ny a pas de justificatifs de revenir en agence avec plus dinformations pourtant jai juste des captures decran des transactions societe generale de cotedivoire priere me restituer mon argent svp,31-10-2025,Djeneba Cecile Ouédraogo
01-11-2025,Estelle Brou,OLBCI,Pour ce que je connais les 7150 sont repartis comme suit : agios=4950 et SG connect= 2200. Ce qui n'a rien à avoir avec les frais de la carte magnétique qui sont prélevés par an.,jai un veritable souci avec la sgbci depuis 2018 jai fais louverture de compte a abobo gare je nai pas souscrit a lun de leurs produits a part lapplication sg connect mais chaque fin du mois la banque me coupe 7150f sur mon salaire et quand jen parle ma gestionnaire me dit que cest normal on ne me donne pas de raison valable pourtant jai fais louverture de compte avec dautres personnes qui nont pas les prelevements que moi en quoi estce que cest normal svp aidezmoi,01-11-2025,Teneba Sogodogo Epse Tuo
01-11-2025,Dkonaté Chef de Tribu,OLBCI,"Bonjour très cher, je veux essayer d'apporter juste ma modeste contribution. Les 7150 sauf erreur de ma part constitue les différents frais de tenue de compte à savoir: Agios, frais SG connect, frais de carte bancaire qui sont splitter par mois pour tous nouveaux clients SGCI là où les anciens clients sont prélevés un fois par an pour la carte, chaque mois pour les agios et autres frais de consultation de compte. Donc si je ne m'abuse c'est ce montant annuel qui est reparti par mois et qui donne les 7150.",jai un veritable souci avec la sgbci depuis 2018 jai fais louverture de compte a abobo gare je nai pas souscrit a lun de leurs produits a part lapplication sg connect mais chaque fin du mois la banque me coupe 7150f sur mon salaire et quand jen parle ma gestionnaire me dit que cest normal on ne me donne pas de raison valable pourtant jai fais louverture de compte avec dautres personnes qui nont pas les prelevements que moi en quoi estce que cest normal svp aidezmoi,01-11-2025,Teneba Sogodogo Epse Tuo
02-11-2025,Blegbé Grouinin,OLBCI,"Ma sœur , viens chez nous, à la banque du tresor, on dort à l'aise.",jai un veritable souci avec la sgbci depuis 2018 jai fais louverture de compte a abobo gare je nai pas souscrit a lun de leurs produits a part lapplication sg connect mais chaque fin du mois la banque me coupe 7150f sur mon salaire et quand jen parle ma gestionnaire me dit que cest normal on ne me donne pas de raison valable pourtant jai fais louverture de compte avec dautres personnes qui nont pas les prelevements que moi en quoi estce que cest normal svp aidezmoi,01-11-2025,Teneba Sogodogo Epse Tuo
01-11-2025,Bourahima Accra Kouôdjeni Ouattara,OLBCI,"Si vous avez remarqué vous ne payez pas d'agios ou vous payez des petits montantsxau titre des agios. Votre compte a été ouvert en Pack. C'est le tarif d'un pack qui est de 7 150 FCFA et il comprend les frais de carte, les frais de SG CONNECT, les AGIOS et CERTICOMPTE.",jai un veritable souci avec la sgbci depuis 2018 jai fais louverture de compte a abobo gare je nai pas souscrit a lun de leurs produits a part lapplication sg connect mais chaque fin du mois la banque me coupe 7150f sur mon salaire et quand jen parle ma gestionnaire me dit que cest normal on ne me donne pas de raison valable pourtant jai fais louverture de compte avec dautres personnes qui nont pas les prelevements que moi en quoi estce que cest normal svp aidezmoi,01-11-2025,Teneba Sogodogo Epse Tuo
02-11-2025,Yoro VH Gbah,OLBCI,"Si tu as SGconnect, il faut résilier celui ci",sgci ca fait 2 mois maintenant que je constate ce prelevement je ne sais pas a quoi ca correspond je serai dans vos locaux demain pour plus ample information ,02-11-2025,Ble Diallo
02-11-2025,Gédéon Afran,OLBCI,J ai souscrit à ça mais je ne reçois pas de message.SGCI c est mal les connaître,sgci ca fait 2 mois maintenant que je constate ce prelevement je ne sais pas a quoi ca correspond je serai dans vos locaux demain pour plus ample information ,02-11-2025,Ble Diallo
02-11-2025,Arsene Zoh,OLBCI,"Ils vont te convaincre jusqu'à, avant de te lever, tu vas leur dire ''MERCI. ''",sgci ca fait 2 mois maintenant que je constate ce prelevement je ne sais pas a quoi ca correspond je serai dans vos locaux demain pour plus ample information ,02-11-2025,Ble Diallo
02-11-2025,Yoro VH Gbah,OLBCI,Humm,sgci ca fait 2 mois maintenant que je constate ce prelevement je ne sais pas a quoi ca correspond je serai dans vos locaux demain pour plus ample information ,02-11-2025,Ble Diallo
02-11-2025,Djibami Koné,OLBCI,"Service SMS de
Société Générale Côte d’Ivoire",sgci ca fait 2 mois maintenant que je constate ce prelevement je ne sais pas a quoi ca correspond je serai dans vos locaux demain pour plus ample information ,02-11-2025,Ble Diallo
02-11-2025,Thomas Boti,OLBCI,"On cher, ils auront toujours raison sur nous...",sgci ca fait 2 mois maintenant que je constate ce prelevement je ne sais pas a quoi ca correspond je serai dans vos locaux demain pour plus ample information ,02-11-2025,Ble Diallo
02-11-2025,Arsene Zoh,OLBCI,"Ils vont te convaincre jusqu'àaaa, avant de te lever, tu vas leur dire ''MERCI. ''",sgci ca fait 2 mois maintenant que je constate ce prelevement je ne sais pas a quoi ca correspond je serai dans vos locaux demain pour plus ample information ,02-11-2025,Ble Diallo
04-11-2025,Kadio Eric Ehouman,OLBCI,Je suis plus à la SGCI mais je veux avoir mon PRZ Comment faire? Cotisation de 5 année,sgci ca fait 2 mois maintenant que je constate ce prelevement je ne sais pas a quoi ca correspond je serai dans vos locaux demain pour plus ample information ,02-11-2025,Ble Diallo
05-11-2025,Ton Banquier en ligne,OLBCI,Aucun ? C’est fort einh.,bjr quelquun peut mexpliquer cmt ca se fait que chaque debut de semaine cad chaque lundi matin aucun gab de la sgbci banque nest operationnel ,04-11-2025,Donnie Brasco
05-11-2025,Donnie Brasco,OLBCI,"Ton Banquier en ligne
ds tt Abj pr le reste du pays je ne sais pas mais à baby seulement plusieurs fois j'ai fais la remarque tous les lundis matin là plupart d'entre eux sont indisponibles",bjr quelquun peut mexpliquer cmt ca se fait que chaque debut de semaine cad chaque lundi matin aucun gab de la sgbci banque nest operationnel ,04-11-2025,Donnie Brasco
13-08-2025,Brou N'guessan Gregoire,OLBCI,Le mien a fait 3 jours.,pour un rachat avec le pel a societe generale cote divoire cela peut prendre combien de temps svp,09-08-2025,Djibami Koné
13-08-2025,Djibami Koné,OLBCI,Okay merci à tous car les réponses sont différentes heinn,pour un rachat avec le pel a societe generale cote divoire cela peut prendre combien de temps svp,09-08-2025,Djibami Koné
13-08-2025,Koualy Dekli,OLBCI,Remboursement anticipé du prêt avec le PEL dure 3 jours,pour un rachat avec le pel a societe generale cote divoire cela peut prendre combien de temps svp,09-08-2025,Djibami Koné
13-08-2025,Miliè Bekan,OLBCI,Trop 9 jours,pour un rachat avec le pel a societe generale cote divoire cela peut prendre combien de temps svp,09-08-2025,Djibami Koné
13-08-2025,Namory Kone,OLBCI,Tout au plus 48h,pour un rachat avec le pel a societe generale cote divoire cela peut prendre combien de temps svp,09-08-2025,Djibami Koné
13-08-2025,Denos Lenoble Anoh,OLBCI,J'en fais aussi ma gestionnaire m'a dit un mois.,pour un rachat avec le pel a societe generale cote divoire cela peut prendre combien de temps svp,09-08-2025,Djibami Koné
13-08-2025,Digré Guillaume Djahoué,OLBCI,"Les banques ne le font plus, cela n'est plus faisable",pour un rachat avec le pel a societe generale cote divoire cela peut prendre combien de temps svp,09-08-2025,Djibami Koné
13-08-2025,Trésor's Toure,OLBCI,21 jours ouvrables maximum,pour un rachat avec le pel a societe generale cote divoire cela peut prendre combien de temps svp,09-08-2025,Djibami Koné
13-08-2025,Issouf Bouda Traoré,OLBCI,"Tout au plus 5 jours , d'après ma gestionnaire oooooh .",pour un rachat avec le pel a societe generale cote divoire cela peut prendre combien de temps svp,09-08-2025,Djibami Koné
13-08-2025,Yoyo Totchoui Pascal,OLBCI,Svp PEL c’est quoi???,pour un rachat avec le pel a societe generale cote divoire cela peut prendre combien de temps svp,09-08-2025,Djibami Koné
04-11-2025,Libleu Gustave Ligoh,OLBCI,"Aucune satisfaction, j'ai déposé mon dossier pour l'obtention du capital décès de mon père depuis le 7 octobre et jusque-là,je n'ai rien reçu..",salut a tousque pensezvous de lassurance yaconfort de la sgci ,08-10-2025,Dakoury Achille Lagbre
28-05-2025,Kouame Ange Kadjo,OLBCI,C est possible il faut 72 h jour ouvrés pour recevoir l argent sur djamo,svp comment transferer son argent de la sgci via djamo svp montrez moi certains disent que ce st possible svp je suis fatigue de faire rang sur un seul guichet chaque fin du mois,28-05-2025,Noel Pichichi
28-05-2025,Appolinaire Tovi,OLBCI,Attention aux réseaux sociaux !,svp comment transferer son argent de la sgci via djamo svp montrez moi certains disent que ce st possible svp je suis fatigue de faire rang sur un seul guichet chaque fin du mois,28-05-2025,Noel Pichichi
28-05-2025,De Sangolobê Adams Coulibaly,OLBCI,E le fait tout le temps je viens de le faire meme,svp comment transferer son argent de la sgci via djamo svp montrez moi certains disent que ce st possible svp je suis fatigue de faire rang sur un seul guichet chaque fin du mois,28-05-2025,Noel Pichichi
04-06-2025,ActivitésMusicales Sur Korhogo LotusMusical,OLBCI,C'est comme un virement d'un compte bancaire à un autre.,svp comment transferer son argent de la sgci via djamo svp montrez moi certains disent que ce st possible svp je suis fatigue de faire rang sur un seul guichet chaque fin du mois,28-05-2025,Noel Pichichi
04-06-2025,Anatole Kpan,OLBCI,Je ne prendrai jamais ce risque ! Jamais ! Faire le rang est mieux !,svp comment transferer son argent de la sgci via djamo svp montrez moi certains disent que ce st possible svp je suis fatigue de faire rang sur un seul guichet chaque fin du mois,28-05-2025,Noel Pichichi
04-06-2025,Kouadio Nollane Meschack,OLBCI,Tu peux aussi faire retrait déplacé dans un autre DAB.,svp comment transferer son argent de la sgci via djamo svp montrez moi certains disent que ce st possible svp je suis fatigue de faire rang sur un seul guichet chaque fin du mois,28-05-2025,Noel Pichichi
28-05-2025,Bah Dez de Dezon,OLBCI,Pour faire plus simple il faut retirer l'argent de la SGCI et le déposer sur votre compte Djamo après vous générez votre rib que vous remettez à votre service ressources humaines ou à la solde pour les fonctionnaires. Assurez vous de le faire en début de mois pour une prise en compte à la fin du mois en cours.,svp comment transferer son argent de la sgci via djamo svp montrez moi certains disent que ce st possible svp je suis fatigue de faire rang sur un seul guichet chaque fin du mois,28-05-2025,Noel Pichichi
04-06-2025,Attoh Walah,OLBCI,"Les frais sont assez élevés. 5000 F comme frais prélevés pour 100 000 F. Il faut aller dans l'application Djamo, et faire ""Déposer de l'argent"", et cliquer sur ""Avec une carte bancaire ivoirienne"".",svp comment transferer son argent de la sgci via djamo svp montrez moi certains disent que ce st possible svp je suis fatigue de faire rang sur un seul guichet chaque fin du mois,28-05-2025,Noel Pichichi
04-06-2025,Ibrahima Kaloga,OLBCI,Sgbci on dirait une banque des vieux.,svp comment transferer son argent de la sgci via djamo svp montrez moi certains disent que ce st possible svp je suis fatigue de faire rang sur un seul guichet chaque fin du mois,28-05-2025,Noel Pichichi
05-11-2024,Nouhou Abdoulaye Toure,OLBCI,"Soro Soro
Tu vois ta gamme non je dis de venir prendre les vrais et lourds plaques mais mais",quelle est la duree du traitement des dossiers d un pret actuellement a la sgci,29-04-2025,Soro Soro
05-11-2024,Jean-jacques Lignon,OLBCI,Les banques gagneraient à accorder les prêts dès que le dossier demandé contient tous les documents exigés. C'est parce que le client se trouve dans une situation d'extrême urgence qu'il va vers elles pour résoudre la situation si tôt.,quelle est la duree du traitement des dossiers d un pret actuellement a la sgci,29-04-2025,Soro Soro
05-11-2024,Marcelle Ballou Epse Amian,OLBCI,Normalement c'est deux semaines après le dépôt des dossiers,quelle est la duree du traitement des dossiers d un pret actuellement a la sgci,29-04-2025,Soro Soro
05-11-2024,Karidja Sangare,OLBCI,2 semaines après dépôt des dossiers,quelle est la duree du traitement des dossiers d un pret actuellement a la sgci,29-04-2025,Soro Soro
05-11-2024,Annick Negui,OLBCI,Pour sib est combien de temps svp,quelle est la duree du traitement des dossiers d un pret actuellement a la sgci,29-04-2025,Soro Soro
05-11-2024,Venance Kouakou,OLBCI,Entre 11 et 21 jours. Pour le fonctionnaire excède rarement deux semaines lorsqu'il n'y a pas de soucis dans le dossier.,quelle est la duree du traitement des dossiers d un pret actuellement a la sgci,29-04-2025,Soro Soro
05-11-2024,Sery Bada,OLBCI,Trois mois,quelle est la duree du traitement des dossiers d un pret actuellement a la sgci,29-04-2025,Soro Soro
05-11-2024,Dase Spipole,OLBCI,Besoin d'un conseiller SGCI,quelle est la duree du traitement des dossiers d un pret actuellement a la sgci,29-04-2025,Soro Soro
05-11-2024,Abondance De Grâce,OLBCI,Deux semaines,quelle est la duree du traitement des dossiers d un pret actuellement a la sgci,29-04-2025,Soro Soro
05-11-2024,Kouakou Guillaume Yao,OLBCI,Actuellement c'est au moins deux semaines,quelle est la duree du traitement des dossiers d un pret actuellement a la sgci,29-04-2025,Soro Soro
05-11-2024,Alexandre Dinan,OLBCI,Deux semaines,quelle est la duree du traitement des dossiers d un pret actuellement a la sgci,29-04-2025,Soro Soro
05-11-2024,Evline Karidioula,OLBCI,Deux semaines maxi,quelle est la duree du traitement des dossiers d un pret actuellement a la sgci,29-04-2025,Soro Soro
05-11-2024,Coulibaly Rokia,OLBCI,Deux semaines,quelle est la duree du traitement des dossiers d un pret actuellement a la sgci,29-04-2025,Soro Soro
05-11-2024,Olivier Kouakou,OLBCI,Il faut avoir le moral,quelle est la duree du traitement des dossiers d un pret actuellement a la sgci,29-04-2025,Soro Soro
05-11-2024,Gervais Billy Billy,OLBCI,Va à Mucrefci,quelle est la duree du traitement des dossiers d un pret actuellement a la sgci,29-04-2025,Soro Soro
05-11-2024,Aboubakar Doumbia,OLBCI,Deux semaine officiellement,quelle est la duree du traitement des dossiers d un pret actuellement a la sgci,29-04-2025,Soro Soro
05-11-2024,Alain Digbeu,OLBCI,1 semaine si ya convention entre la sgci et ton entreprise.,quelle est la duree du traitement des dossiers d un pret actuellement a la sgci,29-04-2025,Soro Soro
04-11-2025,Bakayoko Halassane,OLBCI,Pour un prêt de consommation à la Bicici après la signature il faut combien de temps pour que le prêt soit soit positionné,quelle est la duree du traitement des dossiers d un pret actuellement a la sgci,29-04-2025,Soro Soro
05-11-2024,Russe Officier,OLBCI,Moi j'attends ma clôture de compte depuis le premier février demain ça va trois mois toujours rien je ne comprends plus rien,quelle est la duree du traitement des dossiers d un pret actuellement a la sgci,29-04-2025,Soro Soro
05-11-2024,Peladoh Ismael Wassire,OLBCI,"Un soro est un rebelle, donc après 2025 on va étudier ton dossier de prêt. Ne venez pas déstabiliser notre beau pays avec rébellion des soro. Hon hon",quelle est la duree du traitement des dossiers d un pret actuellement a la sgci,29-04-2025,Soro Soro
05-11-2024,Rajul Madiya,OLBCI,Mois d'un mois,quelle est la duree du traitement des dossiers d un pret actuellement a la sgci,29-04-2025,Soro Soro
05-11-2025,Ton Banquier en ligne,OLBCI,Essayez d’avoir le mail aussi pour laisser des mails quand vous n’avez pas de réponse aux appels.,bonsoir a tous svp jaimerais savoir si cest interdit au gestionnaire de compte de la generale de figayo yopougon de decrocher un appel dun client quand il ou elle est au bureau je demande parce que toutes les fois ou jai essaye de joindre ma gestionnaire ont ete vain je me suis meme rendu a son bureau elle ma remis sa carte mais difficile pour elle de decrocher lappel la raison je ne sais pas besoin declairer ma lanterne svp merci ps jen parle ici parce que cest son habitude,05-11-2025,"Valerie Hien
se sent en colère."
05-11-2025,Jacques Adou,OLBCI,"Ton Banquier en ligne
c'est pareil",bonsoir a tous svp jaimerais savoir si cest interdit au gestionnaire de compte de la generale de figayo yopougon de decrocher un appel dun client quand il ou elle est au bureau je demande parce que toutes les fois ou jai essaye de joindre ma gestionnaire ont ete vain je me suis meme rendu a son bureau elle ma remis sa carte mais difficile pour elle de decrocher lappel la raison je ne sais pas besoin declairer ma lanterne svp merci ps jen parle ici parce que cest son habitude,05-11-2025,"Valerie Hien
se sent en colère."
05-11-2025,Paul Ehi,OLBCI,C'est leur travail. Je suis à cette banque depuis trois ans mais je n'ai plus mis pieds là-bas ca fait maintenant 1 ans. Au début quand elle t'enregistre faut pas la voir faire semblant,bonsoir a tous svp jaimerais savoir si cest interdit au gestionnaire de compte de la generale de figayo yopougon de decrocher un appel dun client quand il ou elle est au bureau je demande parce que toutes les fois ou jai essaye de joindre ma gestionnaire ont ete vain je me suis meme rendu a son bureau elle ma remis sa carte mais difficile pour elle de decrocher lappel la raison je ne sais pas besoin declairer ma lanterne svp merci ps jen parle ici parce que cest son habitude,05-11-2025,"Valerie Hien
se sent en colère."
05-11-2025,Paul Ehi,OLBCI,Et je sais même de qui tu parles,bonsoir a tous svp jaimerais savoir si cest interdit au gestionnaire de compte de la generale de figayo yopougon de decrocher un appel dun client quand il ou elle est au bureau je demande parce que toutes les fois ou jai essaye de joindre ma gestionnaire ont ete vain je me suis meme rendu a son bureau elle ma remis sa carte mais difficile pour elle de decrocher lappel la raison je ne sais pas besoin declairer ma lanterne svp merci ps jen parle ici parce que cest son habitude,05-11-2025,"Valerie Hien
se sent en colère."
05-11-2025,Eric Berte,OLBCI,"Moi ma gestionnaire tu l'appelles elle décroche,le jour elle décroche pas elle te rappelle après. Elle c'est Madame TOUALY ASSEU de la SOCGEN 2 Plateaux. J'ai voulu quittr cette banque mais sa disponibilité a fait que je suis resté. Les gestionnaires doivent savoir qu'elles sont comme nos médecins, toujours disponibles pour les urgences.",bonsoir a tous svp jaimerais savoir si cest interdit au gestionnaire de compte de la generale de figayo yopougon de decrocher un appel dun client quand il ou elle est au bureau je demande parce que toutes les fois ou jai essaye de joindre ma gestionnaire ont ete vain je me suis meme rendu a son bureau elle ma remis sa carte mais difficile pour elle de decrocher lappel la raison je ne sais pas besoin declairer ma lanterne svp merci ps jen parle ici parce que cest son habitude,05-11-2025,"Valerie Hien
se sent en colère."
05-11-2025,Kf Heaven S'ran,OLBCI,Franchement je penses que c'est fait exprès un autre aussi à l'intérieur en fait pareil.,bonsoir a tous svp jaimerais savoir si cest interdit au gestionnaire de compte de la generale de figayo yopougon de decrocher un appel dun client quand il ou elle est au bureau je demande parce que toutes les fois ou jai essaye de joindre ma gestionnaire ont ete vain je me suis meme rendu a son bureau elle ma remis sa carte mais difficile pour elle de decrocher lappel la raison je ne sais pas besoin declairer ma lanterne svp merci ps jen parle ici parce que cest son habitude,05-11-2025,"Valerie Hien
se sent en colère."
05-11-2025,Kf Heaven S'ran,OLBCI,En plus il est très souriant.,bonsoir a tous svp jaimerais savoir si cest interdit au gestionnaire de compte de la generale de figayo yopougon de decrocher un appel dun client quand il ou elle est au bureau je demande parce que toutes les fois ou jai essaye de joindre ma gestionnaire ont ete vain je me suis meme rendu a son bureau elle ma remis sa carte mais difficile pour elle de decrocher lappel la raison je ne sais pas besoin declairer ma lanterne svp merci ps jen parle ici parce que cest son habitude,05-11-2025,"Valerie Hien
se sent en colère."
05-11-2025,Hôrondéin Dafani,OLBCI,Savez-vous que vous pouvez demander à changer de gestionnaire ?,bonsoir a tous svp jaimerais savoir si cest interdit au gestionnaire de compte de la generale de figayo yopougon de decrocher un appel dun client quand il ou elle est au bureau je demande parce que toutes les fois ou jai essaye de joindre ma gestionnaire ont ete vain je me suis meme rendu a son bureau elle ma remis sa carte mais difficile pour elle de decrocher lappel la raison je ne sais pas besoin declairer ma lanterne svp merci ps jen parle ici parce que cest son habitude,05-11-2025,"Valerie Hien
se sent en colère."
05-11-2025,Bezou Wilfried,OLBCI,"Patiente unpeu, ça va revenir à la solde.",bsr a tous jai fait un retrait deplace a la sgci mais la machine a rejete ma carte une fois a la maison je me rends compte que la banque ma preleve que doisje faire,05-11-2025,Mariam Koné
05-11-2025,Ton Banquier en ligne,OLBCI,Une réclamation,bsr a tous jai fait un retrait deplace a la sgci mais la machine a rejete ma carte une fois a la maison je me rends compte que la banque ma preleve que doisje faire,05-11-2025,Mariam Koné
06-11-2025,Aristide Amani N'da,OLBCI,Va résilier c'est tout,comment avoir son prz apres cinq ans de cotisationje suis plus a la general,06-11-2025,Kadio Eric Ehouman
06-11-2025,Kadio Eric Ehouman,OLBCI,"Aristide Amani N'da
ok merci",comment avoir son prz apres cinq ans de cotisationje suis plus a la general,06-11-2025,Kadio Eric Ehouman
06-11-2025,Kouassi Anicet Dessalines Yao,OLBCI,C'est comme ça elles sont ooh pourtant elles ne reçoivent pas sans avoir pris rendez-vous..,bonsoir a tous svp jaimerais savoir si cest interdit au gestionnaire de compte de la generale de figayo yopougon de decrocher un appel dun client quand il ou elle est au bureau je demande parce que toutes les fois ou jai essaye de joindre ma gestionnaire ont ete vain je me suis meme rendu a son bureau elle ma remis sa carte mais difficile pour elle de decrocher lappel la raison je ne sais pas besoin declairer ma lanterne svp merci ps jen parle ici parce que cest son habitude,06-11-2025,"Valerie Hien
se sent en colère."
07-11-2025,Lipon Gue,OLBCI,Mon frère on dirait c'est partout hein même tiassale .il a fallu que je paye transport BOUAKE tiassale pour aller régler mon problème.c est pas bien.,bonsoir a tous svp jaimerais savoir si cest interdit au gestionnaire de compte de la generale de figayo yopougon de decrocher un appel dun client quand il ou elle est au bureau je demande parce que toutes les fois ou jai essaye de joindre ma gestionnaire ont ete vain je me suis meme rendu a son bureau elle ma remis sa carte mais difficile pour elle de decrocher lappel la raison je ne sais pas besoin declairer ma lanterne svp merci ps jen parle ici parce que cest son habitude,06-11-2025,"Valerie Hien
se sent en colère."
07-11-2025,Afua Asantewa N'Guetta,OLBCI,"Méfiez-vous du stress, Monsieur. Si vous avez un souci important, prenez le temps de vous déplacer. Si le gestionnaire passe son temps à répondre au téléphone, à quel moment fera-t-il son travail?",bonsoir a tous svp jaimerais savoir si cest interdit au gestionnaire de compte de la generale de figayo yopougon de decrocher un appel dun client quand il ou elle est au bureau je demande parce que toutes les fois ou jai essaye de joindre ma gestionnaire ont ete vain je me suis meme rendu a son bureau elle ma remis sa carte mais difficile pour elle de decrocher lappel la raison je ne sais pas besoin declairer ma lanterne svp merci ps jen parle ici parce que cest son habitude,06-11-2025,"Valerie Hien
se sent en colère."
07-11-2025,Kobenan Patrice,OLBCI,"C’est partout, je compte même quitter cette banque",bonsoir a tous svp jaimerais savoir si cest interdit au gestionnaire de compte de la generale de figayo yopougon de decrocher un appel dun client quand il ou elle est au bureau je demande parce que toutes les fois ou jai essaye de joindre ma gestionnaire ont ete vain je me suis meme rendu a son bureau elle ma remis sa carte mais difficile pour elle de decrocher lappel la raison je ne sais pas besoin declairer ma lanterne svp merci ps jen parle ici parce que cest son habitude,06-11-2025,"Valerie Hien
se sent en colère."
06-11-2025,Estelle Brou,OLBCI,Si gestionnaire décroche ton appel c'est que tu veux ouvrir un compte ou prendre un prêt.,bonsoir a tous svp jaimerais savoir si cest interdit au gestionnaire de compte de la generale de figayo yopougon de decrocher un appel dun client quand il ou elle est au bureau je demande parce que toutes les fois ou jai essaye de joindre ma gestionnaire ont ete vain je me suis meme rendu a son bureau elle ma remis sa carte mais difficile pour elle de decrocher lappel la raison je ne sais pas besoin declairer ma lanterne svp merci ps jen parle ici parce que cest son habitude,06-11-2025,"Valerie Hien
se sent en colère."
07-11-2025,B-Lova Change,OLBCI,"C'est leur travail. Sgci Anyama. Elles ne décrochent jamais, tu envoies sms aussi il faut te laver avec chance pour avoir une réponse. C'est très énervant. Je songe moi aussi à changer de banque",bonsoir a tous svp jaimerais savoir si cest interdit au gestionnaire de compte de la generale de figayo yopougon de decrocher un appel dun client quand il ou elle est au bureau je demande parce que toutes les fois ou jai essaye de joindre ma gestionnaire ont ete vain je me suis meme rendu a son bureau elle ma remis sa carte mais difficile pour elle de decrocher lappel la raison je ne sais pas besoin declairer ma lanterne svp merci ps jen parle ici parce que cest son habitude,06-11-2025,"Valerie Hien
se sent en colère."
07-11-2025,Jean-Marc Bléou,OLBCI,Quels sont les documents à fournir pour quitter cette banque ?,bonsoir a tous svp jaimerais savoir si cest interdit au gestionnaire de compte de la generale de figayo yopougon de decrocher un appel dun client quand il ou elle est au bureau je demande parce que toutes les fois ou jai essaye de joindre ma gestionnaire ont ete vain je me suis meme rendu a son bureau elle ma remis sa carte mais difficile pour elle de decrocher lappel la raison je ne sais pas besoin declairer ma lanterne svp merci ps jen parle ici parce que cest son habitude,06-11-2025,"Valerie Hien
se sent en colère."
07-11-2025,David Esmel,OLBCI,Idem moi et ma gestionnaire BNI cosmos jamais disponible vraiment à un moment c'est dégoûtant quoi franchement,bonsoir a tous svp jaimerais savoir si cest interdit au gestionnaire de compte de la generale de figayo yopougon de decrocher un appel dun client quand il ou elle est au bureau je demande parce que toutes les fois ou jai essaye de joindre ma gestionnaire ont ete vain je me suis meme rendu a son bureau elle ma remis sa carte mais difficile pour elle de decrocher lappel la raison je ne sais pas besoin declairer ma lanterne svp merci ps jen parle ici parce que cest son habitude,06-11-2025,"Valerie Hien
se sent en colère."
07-11-2025,Guy Eric,OLBCI,Tous pareil même sococe 2 plateaux il. Décroche jamais,bonsoir a tous svp jaimerais savoir si cest interdit au gestionnaire de compte de la generale de figayo yopougon de decrocher un appel dun client quand il ou elle est au bureau je demande parce que toutes les fois ou jai essaye de joindre ma gestionnaire ont ete vain je me suis meme rendu a son bureau elle ma remis sa carte mais difficile pour elle de decrocher lappel la raison je ne sais pas besoin declairer ma lanterne svp merci ps jen parle ici parce que cest son habitude,06-11-2025,"Valerie Hien
se sent en colère."
07-11-2025,Souleymane Ouattara,OLBCI,#sgci,bonsoir a tous svp jaimerais savoir si cest interdit au gestionnaire de compte de la generale de figayo yopougon de decrocher un appel dun client quand il ou elle est au bureau je demande parce que toutes les fois ou jai essaye de joindre ma gestionnaire ont ete vain je me suis meme rendu a son bureau elle ma remis sa carte mais difficile pour elle de decrocher lappel la raison je ne sais pas besoin declairer ma lanterne svp merci ps jen parle ici parce que cest son habitude,06-11-2025,"Valerie Hien
se sent en colère."
06-11-2025,Prudy Kouakou,OLBCI,"Si c'est madame lagtzrt4 mon clavier laisse tomber
jamais disponible à croire qu'elle est toujours occupée portant si c'est pour t'appeler pour prendre prêt elle ne se fait pas prier. Depuis que je suis à ficgayo je n'ai jamais vu un gestionnaire qui n'est pas à l'écoute comme elle. Franchement son service laisse à désirer.",bonsoir a tous svp jaimerais savoir si cest interdit au gestionnaire de compte de la generale de figayo yopougon de decrocher un appel dun client quand il ou elle est au bureau je demande parce que toutes les fois ou jai essaye de joindre ma gestionnaire ont ete vain je me suis meme rendu a son bureau elle ma remis sa carte mais difficile pour elle de decrocher lappel la raison je ne sais pas besoin declairer ma lanterne svp merci ps jen parle ici parce que cest son habitude,06-11-2025,"Valerie Hien
se sent en colère."
07-11-2025,Donnie Brasco,OLBCI,Agence Ste-Famille riviera 3 pareille si elle t'as décroché c'est qu'il faut déménagé là où t'as dormi la veille,bonsoir a tous svp jaimerais savoir si cest interdit au gestionnaire de compte de la generale de figayo yopougon de decrocher un appel dun client quand il ou elle est au bureau je demande parce que toutes les fois ou jai essaye de joindre ma gestionnaire ont ete vain je me suis meme rendu a son bureau elle ma remis sa carte mais difficile pour elle de decrocher lappel la raison je ne sais pas besoin declairer ma lanterne svp merci ps jen parle ici parce que cest son habitude,06-11-2025,"Valerie Hien
se sent en colère."
07-11-2025,Arsène Kouadio,OLBCI,Si c'est pour te dire viens prendre crédit elle vont décrocher mais une fois le prêt mis en place votre amour est fini,bonsoir a tous svp jaimerais savoir si cest interdit au gestionnaire de compte de la generale de figayo yopougon de decrocher un appel dun client quand il ou elle est au bureau je demande parce que toutes les fois ou jai essaye de joindre ma gestionnaire ont ete vain je me suis meme rendu a son bureau elle ma remis sa carte mais difficile pour elle de decrocher lappel la raison je ne sais pas besoin declairer ma lanterne svp merci ps jen parle ici parce que cest son habitude,06-11-2025,"Valerie Hien
se sent en colère."
07-11-2025,Alda Pierre-michelle Glonahi,OLBCI,Ha c'est pas yopougon seulement deh,bonsoir a tous svp jaimerais savoir si cest interdit au gestionnaire de compte de la generale de figayo yopougon de decrocher un appel dun client quand il ou elle est au bureau je demande parce que toutes les fois ou jai essaye de joindre ma gestionnaire ont ete vain je me suis meme rendu a son bureau elle ma remis sa carte mais difficile pour elle de decrocher lappel la raison je ne sais pas besoin declairer ma lanterne svp merci ps jen parle ici parce que cest son habitude,06-11-2025,"Valerie Hien
se sent en colère."
07-11-2025,Desire Kouassi,OLBCI,C’est leur travail mais quand il s’agit de prêts ils vont t’appeler à tout moment,bonsoir a tous svp jaimerais savoir si cest interdit au gestionnaire de compte de la generale de figayo yopougon de decrocher un appel dun client quand il ou elle est au bureau je demande parce que toutes les fois ou jai essaye de joindre ma gestionnaire ont ete vain je me suis meme rendu a son bureau elle ma remis sa carte mais difficile pour elle de decrocher lappel la raison je ne sais pas besoin declairer ma lanterne svp merci ps jen parle ici parce que cest son habitude,06-11-2025,"Valerie Hien
se sent en colère."
08-11-2025,Marie Stéphane Essi Niagne,OLBCI,"Toutes les agences pareils, à croire qu'ils sont formés dans ce sens ..pfff",bonsoir a tous svp jaimerais savoir si cest interdit au gestionnaire de compte de la generale de figayo yopougon de decrocher un appel dun client quand il ou elle est au bureau je demande parce que toutes les fois ou jai essaye de joindre ma gestionnaire ont ete vain je me suis meme rendu a son bureau elle ma remis sa carte mais difficile pour elle de decrocher lappel la raison je ne sais pas besoin declairer ma lanterne svp merci ps jen parle ici parce que cest son habitude,06-11-2025,"Valerie Hien
se sent en colère."
07-11-2025,Djinsia Otto,OLBCI,Tu es nouvelle? Akwaba à la sgci tu vas t'habituer. Hum,bonsoir a tous svp jaimerais savoir si cest interdit au gestionnaire de compte de la generale de figayo yopougon de decrocher un appel dun client quand il ou elle est au bureau je demande parce que toutes les fois ou jai essaye de joindre ma gestionnaire ont ete vain je me suis meme rendu a son bureau elle ma remis sa carte mais difficile pour elle de decrocher lappel la raison je ne sais pas besoin declairer ma lanterne svp merci ps jen parle ici parce que cest son habitude,06-11-2025,"Valerie Hien
se sent en colère."
07-11-2025,Salomé Ange,OLBCI,Ils sont tous pareils oh,bonsoir a tous svp jaimerais savoir si cest interdit au gestionnaire de compte de la generale de figayo yopougon de decrocher un appel dun client quand il ou elle est au bureau je demande parce que toutes les fois ou jai essaye de joindre ma gestionnaire ont ete vain je me suis meme rendu a son bureau elle ma remis sa carte mais difficile pour elle de decrocher lappel la raison je ne sais pas besoin declairer ma lanterne svp merci ps jen parle ici parce que cest son habitude,06-11-2025,"Valerie Hien
se sent en colère."
07-11-2025,Yves Dicky,OLBCI,"C'est pas là-bas seulement, les conseillers de la Sgci ne décrochent jamais que tu es parfois obligé de passer par là direction générale sur le call center ne fait pour avoir des informations.",bonsoir a tous svp jaimerais savoir si cest interdit au gestionnaire de compte de la generale de figayo yopougon de decrocher un appel dun client quand il ou elle est au bureau je demande parce que toutes les fois ou jai essaye de joindre ma gestionnaire ont ete vain je me suis meme rendu a son bureau elle ma remis sa carte mais difficile pour elle de decrocher lappel la raison je ne sais pas besoin declairer ma lanterne svp merci ps jen parle ici parce que cest son habitude,06-11-2025,"Valerie Hien
se sent en colère."
06-11-2025,Labelle Au Bois Dormant,OLBCI,Mon ancienne gestionnaire je n'arrivais pas à la joindre mais la nouvelle elle est très adorable,bonsoir a tous svp jaimerais savoir si cest interdit au gestionnaire de compte de la generale de figayo yopougon de decrocher un appel dun client quand il ou elle est au bureau je demande parce que toutes les fois ou jai essaye de joindre ma gestionnaire ont ete vain je me suis meme rendu a son bureau elle ma remis sa carte mais difficile pour elle de decrocher lappel la raison je ne sais pas besoin declairer ma lanterne svp merci ps jen parle ici parce que cest son habitude,06-11-2025,"Valerie Hien
se sent en colère."
02-11-2025,Lagafosse Touré,OLBCI,"j'ai ete victime en2009 , 200000 f parti cadeau et on me fait croire j'ai retrait a la BIAO actuel NSIA c'est depuis ce jour j'ai quitte la genral",defalcation anormale de la part de la sgci jai un reel souci avec la sgci le 03 octobre jai ete fait un retrait au guichet automatique de koumassi dans la soiree et une demande de 200000 avait ete lance et le serveur na pas donne suite jai decide de lancer a nouveau un retrait de 150000 et le 04 octobre je suis repartie pour un autre retrait de 150000 et cest de la je constate que jai ete defalque de 150000 jai alerte le gestionnaire qui ma ensuite dit quil yavait un dysfonctionnement et de patienter jusquau mardi 07 octobre pour entrer en possession des sous je me suis donc rendue le jeudi en agence et on me fait comprendre que jai retire les sous dans un autre guichet pendant quil ny avait plus dargent sur le compte et aussi on me dit que peut etre une autre personne proche est en possession de ma carte bancaire et mon code bancaire jai fais une reclamation et hier je recois une notification quil ny aura pas de suite a ma reclamation car il ny a pas de justificatifs de revenir en agence avec plus dinformations pourtant jai juste des captures decran des transactions societe generale de cotedivoire priere me restituer mon argent svp,31-10-2025,Djeneba Cecile Ouédraogo
07-11-2025,Marc Cope,OLBCI,"Huuum SGBCI, c'est la pire des banques en Côte d'Ivoire. Elle ne change jamais !!!!",defalcation anormale de la part de la sgci jai un reel souci avec la sgci le 03 octobre jai ete fait un retrait au guichet automatique de koumassi dans la soiree et une demande de 200000 avait ete lance et le serveur na pas donne suite jai decide de lancer a nouveau un retrait de 150000 et le 04 octobre je suis repartie pour un autre retrait de 150000 et cest de la je constate que jai ete defalque de 150000 jai alerte le gestionnaire qui ma ensuite dit quil yavait un dysfonctionnement et de patienter jusquau mardi 07 octobre pour entrer en possession des sous je me suis donc rendue le jeudi en agence et on me fait comprendre que jai retire les sous dans un autre guichet pendant quil ny avait plus dargent sur le compte et aussi on me dit que peut etre une autre personne proche est en possession de ma carte bancaire et mon code bancaire jai fais une reclamation et hier je recois une notification quil ny aura pas de suite a ma reclamation car il ny a pas de justificatifs de revenir en agence avec plus dinformations pourtant jai juste des captures decran des transactions societe generale de cotedivoire priere me restituer mon argent svp,31-10-2025,Djeneba Cecile Ouédraogo
06-11-2025,Aboua Judicael,OLBCI,10 jours maximum,combien de temps pour verser lepargne du compte pel apres un rachat total du pret a sgbci,06-11-2025,Kouman Kouassi
06-11-2025,Kouman Kouassi,OLBCI,MERCI BEAUCOUP,combien de temps pour verser lepargne du compte pel apres un rachat total du pret a sgbci,06-11-2025,Kouman Kouassi
07-11-2025,Brahima Franck Seni,OLBCI,"Kouman Kouassi
svp pouvez-vous m’expliquer un rachat total ?",combien de temps pour verser lepargne du compte pel apres un rachat total du pret a sgbci,06-11-2025,Kouman Kouassi
07-11-2025,Aboua Judicael,OLBCI,"Brahima Franck Seni
c'est résilier. Rompre le contrat",combien de temps pour verser lepargne du compte pel apres un rachat total du pret a sgbci,06-11-2025,Kouman Kouassi
07-11-2025,Brahima Franck Seni,OLBCI,"Aboua Judicael
D’accord merci beaucoup cher frère.",combien de temps pour verser lepargne du compte pel apres un rachat total du pret a sgbci,06-11-2025,Kouman Kouassi
07-11-2025,Fregis Aka,OLBCI,"Rends toi au plateau, immeuble Longchamp,3è étage ou appelle ce numéro 2720235050 aux jours et heures ouvrables. Dis leur que tu es un client SGCI et que tu as souscrit à un de leurs produits mais tu n'as pas ton contrat ni ta police. Ils vont te demander ton numéro de compte et te donneront ton contrat,ta police et ta cotisation.",comment avoir son prz apres cinq ans de cotisationje suis plus a la general,07-11-2025,Kadio Eric Ehouman
06-11-2025,Coulibaly Adi,OLBCI,Il faut faire un courrier à votre banque pour débit à tort avec si possible les documents de preuve. Le courrier est à déposer à votre agence auprès de votre gestionnaire,bsr a tous jai fait un retrait deplace a la sgci mais la machine a rejete ma carte une fois a la maison je me rends compte que la banque ma preleve que doisje faire,06-11-2025,Mariam Koné
07-11-2025,Mariam Koné,OLBCI,Merci beaucoup à vous j'ai fait la réclamation et on m'a demandé d'attendre 90 jours.,bsr a tous jai fait un retrait deplace a la sgci mais la machine a rejete ma carte une fois a la maison je me rends compte que la banque ma preleve que doisje faire,06-11-2025,Mariam Koné
07-11-2025,Mariam Koné,OLBCI,"Ton Banquier en ligne
dans ma banque ou la banque qui m'a débité ?",bsr a tous jai fait un retrait deplace a la sgci mais la machine a rejete ma carte une fois a la maison je me rends compte que la banque ma preleve que doisje faire,06-11-2025,Mariam Koné
07-11-2025,Ton Banquier en ligne,OLBCI,"Mariam Koné
votre banque",bsr a tous jai fait un retrait deplace a la sgci mais la machine a rejete ma carte une fois a la maison je me rends compte que la banque ma preleve que doisje faire,06-11-2025,Mariam Koné
09-11-2025,Jean Ives Aké,OLBCI,"Est ce que tu es bon clients ? Si tu es juste salarié ne te fatigue pas. Car les bons clients, ces même gestionnaires enregistrent leur numéro pour les appeler . Donc quand elle voit un appel sans nom elle sait que c'est pas bon clients et jamais elle va se fatiguer pour décrocher. Yako",bonsoir a tous svp jaimerais savoir si cest interdit au gestionnaire de compte de la generale de figayo yopougon de decrocher un appel dun client quand il ou elle est au bureau je demande parce que toutes les fois ou jai essaye de joindre ma gestionnaire ont ete vain je me suis meme rendu a son bureau elle ma remis sa carte mais difficile pour elle de decrocher lappel la raison je ne sais pas besoin declairer ma lanterne svp merci ps jen parle ici parce que cest son habitude,06-11-2025,"Valerie Hien
se sent en colère."
08-11-2025,Maria Estrella Sy,OLBCI,Je pense qu’ils suivent une formation pour pas décrocher.,bonsoir a tous svp jaimerais savoir si cest interdit au gestionnaire de compte de la generale de figayo yopougon de decrocher un appel dun client quand il ou elle est au bureau je demande parce que toutes les fois ou jai essaye de joindre ma gestionnaire ont ete vain je me suis meme rendu a son bureau elle ma remis sa carte mais difficile pour elle de decrocher lappel la raison je ne sais pas besoin declairer ma lanterne svp merci ps jen parle ici parce que cest son habitude,06-11-2025,"Valerie Hien
se sent en colère."
09-11-2025,Psaumes Trente Sept Maho,OLBCI,"Pareil pour moi elle s'appelle Mme Lago emmanuella Yopougon ficgayo, elle m'énerve vraiment",bonsoir a tous svp jaimerais savoir si cest interdit au gestionnaire de compte de la generale de figayo yopougon de decrocher un appel dun client quand il ou elle est au bureau je demande parce que toutes les fois ou jai essaye de joindre ma gestionnaire ont ete vain je me suis meme rendu a son bureau elle ma remis sa carte mais difficile pour elle de decrocher lappel la raison je ne sais pas besoin declairer ma lanterne svp merci ps jen parle ici parce que cest son habitude,06-11-2025,"Valerie Hien
se sent en colère."
09-11-2025,Natacha N'goran,OLBCI,"C'est partout pourtant devant toi, il décroche des appels.",bonsoir a tous svp jaimerais savoir si cest interdit au gestionnaire de compte de la generale de figayo yopougon de decrocher un appel dun client quand il ou elle est au bureau je demande parce que toutes les fois ou jai essaye de joindre ma gestionnaire ont ete vain je me suis meme rendu a son bureau elle ma remis sa carte mais difficile pour elle de decrocher lappel la raison je ne sais pas besoin declairer ma lanterne svp merci ps jen parle ici parce que cest son habitude,06-11-2025,"Valerie Hien
se sent en colère."
06-11-2025,Valerie Hien,OLBCI,Ok,bonsoir a tous svp jaimerais savoir si cest interdit au gestionnaire de compte de la generale de figayo yopougon de decrocher un appel dun client quand il ou elle est au bureau je demande parce que toutes les fois ou jai essaye de joindre ma gestionnaire ont ete vain je me suis meme rendu a son bureau elle ma remis sa carte mais difficile pour elle de decrocher lappel la raison je ne sais pas besoin declairer ma lanterne svp merci ps jen parle ici parce que cest son habitude,06-11-2025,"Valerie Hien
se sent en colère."
09-11-2025,Gabin Klein,OLBCI,Les clients SG doivent privilégier les DAB de la SG,sensibilisation clients a lusage prioritaire du dab sgci chere cliente nous vous informons que nous rencontrons actuellement des incidents de retrait infructueux sur certains distributeurs automatiques de billets de nos confreres les travaux sont en cours par les equipes techniques respectives pour la resolution votre satisfaction etant au coeur de notre priorite nous vous encourageons a privilegier les distributeurs automatiques de billets dab de societe generale cote divoire pour tous vos retraits en cote divoire ceci afin dassurer une meilleure qualite de service et de reduire les delais de traitement des demandes liees a ces incidents en effet en cas dincident sur nos dab nous vous garantissons un delai de traitement rapide pour toutes informations complementaires nous vous prions de bien vouloir contacter votre gestionnaire ou le centre de relation clients au 2720201010 societe generale cote divoire vous remercie pour votre fidelite mail de la sg yag,09-11-2025,Gabin Klein
09-11-2025,Constant Tchapo,OLBCI,C'est pourquoi j'ai toujours évité les retraits déplacés.,sensibilisation clients a lusage prioritaire du dab sgci chere cliente nous vous informons que nous rencontrons actuellement des incidents de retrait infructueux sur certains distributeurs automatiques de billets de nos confreres les travaux sont en cours par les equipes techniques respectives pour la resolution votre satisfaction etant au coeur de notre priorite nous vous encourageons a privilegier les distributeurs automatiques de billets dab de societe generale cote divoire pour tous vos retraits en cote divoire ceci afin dassurer une meilleure qualite de service et de reduire les delais de traitement des demandes liees a ces incidents en effet en cas dincident sur nos dab nous vous garantissons un delai de traitement rapide pour toutes informations complementaires nous vous prions de bien vouloir contacter votre gestionnaire ou le centre de relation clients au 2720201010 societe generale cote divoire vous remercie pour votre fidelite mail de la sg yag,09-11-2025,Gabin Klein
09-11-2025,Kouadio Nollane Meschack,OLBCI,"Constant Tchapo
totalement raison, malheureusement
NSIA Banque Côte d'Ivoire
Dimbokro toujours hors service, on nous oblige ainsi à aller voir ailleurs",sensibilisation clients a lusage prioritaire du dab sgci chere cliente nous vous informons que nous rencontrons actuellement des incidents de retrait infructueux sur certains distributeurs automatiques de billets de nos confreres les travaux sont en cours par les equipes techniques respectives pour la resolution votre satisfaction etant au coeur de notre priorite nous vous encourageons a privilegier les distributeurs automatiques de billets dab de societe generale cote divoire pour tous vos retraits en cote divoire ceci afin dassurer une meilleure qualite de service et de reduire les delais de traitement des demandes liees a ces incidents en effet en cas dincident sur nos dab nous vous garantissons un delai de traitement rapide pour toutes informations complementaires nous vous prions de bien vouloir contacter votre gestionnaire ou le centre de relation clients au 2720201010 societe generale cote divoire vous remercie pour votre fidelite mail de la sg yag,09-11-2025,Gabin Klein
09-11-2025,Charles Ephrem,OLBCI,Je n'ai pas encore utilisé les gab d'autres institutions... Si ça ne marche pas... Je me retourne tranquillement.,sensibilisation clients a lusage prioritaire du dab sgci chere cliente nous vous informons que nous rencontrons actuellement des incidents de retrait infructueux sur certains distributeurs automatiques de billets de nos confreres les travaux sont en cours par les equipes techniques respectives pour la resolution votre satisfaction etant au coeur de notre priorite nous vous encourageons a privilegier les distributeurs automatiques de billets dab de societe generale cote divoire pour tous vos retraits en cote divoire ceci afin dassurer une meilleure qualite de service et de reduire les delais de traitement des demandes liees a ces incidents en effet en cas dincident sur nos dab nous vous garantissons un delai de traitement rapide pour toutes informations complementaires nous vous prions de bien vouloir contacter votre gestionnaire ou le centre de relation clients au 2720201010 societe generale cote divoire vous remercie pour votre fidelite mail de la sg yag,09-11-2025,Gabin Klein
09-11-2025,Adams Ouattara,OLBCI,J'espère que vs n'allez pas nous débiter indûment,sensibilisation clients a lusage prioritaire du dab sgci chere cliente nous vous informons que nous rencontrons actuellement des incidents de retrait infructueux sur certains distributeurs automatiques de billets de nos confreres les travaux sont en cours par les equipes techniques respectives pour la resolution votre satisfaction etant au coeur de notre priorite nous vous encourageons a privilegier les distributeurs automatiques de billets dab de societe generale cote divoire pour tous vos retraits en cote divoire ceci afin dassurer une meilleure qualite de service et de reduire les delais de traitement des demandes liees a ces incidents en effet en cas dincident sur nos dab nous vous garantissons un delai de traitement rapide pour toutes informations complementaires nous vous prions de bien vouloir contacter votre gestionnaire ou le centre de relation clients au 2720201010 societe generale cote divoire vous remercie pour votre fidelite mail de la sg yag,09-11-2025,Gabin Klein
10-11-2025,Barkley Barkley,OLBCI,Pareil pour moi moi je vais a ma banque lorsque ma carte magnétique est périmée ou prendre un prêt bancaire j'ai même pas le numéro de mon gestionnaire,bonsoir a tous svp jaimerais savoir si cest interdit au gestionnaire de compte de la generale de figayo yopougon de decrocher un appel dun client quand il ou elle est au bureau je demande parce que toutes les fois ou jai essaye de joindre ma gestionnaire ont ete vain je me suis meme rendu a son bureau elle ma remis sa carte mais difficile pour elle de decrocher lappel la raison je ne sais pas besoin declairer ma lanterne svp merci ps jen parle ici parce que cest son habitude,05-11-2025,"Valerie Hien
se sent en colère."
11-11-2025,Adom Nin Yêpê,OLBCI,"Elles sont même chose dans toutes les agences,",bonsoir a tous svp jaimerais savoir si cest interdit au gestionnaire de compte de la generale de figayo yopougon de decrocher un appel dun client quand il ou elle est au bureau je demande parce que toutes les fois ou jai essaye de joindre ma gestionnaire ont ete vain je me suis meme rendu a son bureau elle ma remis sa carte mais difficile pour elle de decrocher lappel la raison je ne sais pas besoin declairer ma lanterne svp merci ps jen parle ici parce que cest son habitude,06-11-2025,"Valerie Hien
se sent en colère."
11-11-2024,Julien Clement Glazai,OLBCI,Il faut vraiment que l'organe régulateur des banques (s'il en existe vraiment) se penche sur ces phénomènes de rétention qui causent des désagréments.,societe generale cote divoire je suis fatigue de vous appeler a chaque fois pour expliquer le meme probleme tous les jours traiter lordre de virement la pour que je puisse mettre mon compte a zero vous allez me payer ce quil faut et je vais le fermer mais vous me faites tourner en bourique depuis,19-10-2025,Noelle Stephanie Meliane Kouadio
11-11-2024,Noelle Stephanie Meliane Kouadio,OLBCI,"Julien Clement Glazai
vraiment je vous assure",societe generale cote divoire je suis fatigue de vous appeler a chaque fois pour expliquer le meme probleme tous les jours traiter lordre de virement la pour que je puisse mettre mon compte a zero vous allez me payer ce quil faut et je vais le fermer mais vous me faites tourner en bourique depuis,19-10-2025,Noelle Stephanie Meliane Kouadio
11-11-2024,Julien Clement Glazai,OLBCI,"Noelle Stephanie Meliane Kouadio
depuis mars jusqu'à maintenant je suis dans les mêmes courses.",societe generale cote divoire je suis fatigue de vous appeler a chaque fois pour expliquer le meme probleme tous les jours traiter lordre de virement la pour que je puisse mettre mon compte a zero vous allez me payer ce quil faut et je vais le fermer mais vous me faites tourner en bourique depuis,19-10-2025,Noelle Stephanie Meliane Kouadio
11-11-2025,Devid Kwku,OLBCI,Humm,bonjour a toutes et a tous jai un souci avec lassurance yaconfort a la societe generalejai souscrit a ce produit depuis 2019 dans le cas de la prevoyance decesmon pere decede le 1 octobre 2025je declare le sinistre le 2 octobre 2025 et jusqua present je nai encore recu le capital decesque dois je faire ,11-11-2025,Libleu Gustave Ligoh
12-11-2025,Landry Ebro Ebrottié,OLBCI,"Devid Kwku
c'est ça le problème avec les assurances là hein. Moi mon argent là-bas, Jamais!",bonjour a toutes et a tous jai un souci avec lassurance yaconfort a la societe generalejai souscrit a ce produit depuis 2019 dans le cas de la prevoyance decesmon pere decede le 1 octobre 2025je declare le sinistre le 2 octobre 2025 et jusqua present je nai encore recu le capital decesque dois je faire ,11-11-2025,Libleu Gustave Ligoh
11-11-2025,Guy-Arsene Junior N'guessan,OLBCI,"Retourne la bas de ils vont te donner les raisons du retard.souvent la quand tu es dans ton droit faut pas jouer avec ton affaire ,dépasse toi pour qu'ils sentent que c'est sérieux.",bonjour a toutes et a tous jai un souci avec lassurance yaconfort a la societe generalejai souscrit a ce produit depuis 2019 dans le cas de la prevoyance decesmon pere decede le 1 octobre 2025je declare le sinistre le 2 octobre 2025 et jusqua present je nai encore recu le capital decesque dois je faire ,11-11-2025,Libleu Gustave Ligoh
11-11-2025,Roger Miraj Lenignon Soro,OLBCI,Ton dossier a été accepté? Si oui généralement ça prend du temps puisque la sgci doit contacter l'assurance et s'en suit les procédures. Mais n'empêche de t'y rendre de temps en temps.,bonjour a toutes et a tous jai un souci avec lassurance yaconfort a la societe generalejai souscrit a ce produit depuis 2019 dans le cas de la prevoyance decesmon pere decede le 1 octobre 2025je declare le sinistre le 2 octobre 2025 et jusqua present je nai encore recu le capital decesque dois je faire ,11-11-2025,Libleu Gustave Ligoh
11-11-2025,Francky la Bénédiction,OLBCI,"Va voir directement chez l'assureur, muni de la décharge de ton courrier de réclamation.",bonjour a toutes et a tous jai un souci avec lassurance yaconfort a la societe generalejai souscrit a ce produit depuis 2019 dans le cas de la prevoyance decesmon pere decede le 1 octobre 2025je declare le sinistre le 2 octobre 2025 et jusqua present je nai encore recu le capital decesque dois je faire ,11-11-2025,Libleu Gustave Ligoh
11-11-2025,Narcisse Kouame,OLBCI,Tu as rempli la fiche du pel?,combien de temps pour verser lepargne du compte pel apres un rachat total du pret a sgbci,06-11-2025,Kouman Kouassi
09-11-2025,Steven Sehi,OLBCI,Même jour,combien de temps pour verser lepargne du compte pel apres un rachat total du pret a sgbci,06-11-2025,Kouman Kouassi
12-11-2025,Kouakou Guillaume Kouadio,OLBCI,Au moins 45 jours ouvrés d'après le contrat donc ils sont encore dans le temps.,bonjour a toutes et a tous jai un souci avec lassurance yaconfort a la societe generalejai souscrit a ce produit depuis 2019 dans le cas de la prevoyance decesmon pere decede le 1 octobre 2025je declare le sinistre le 2 octobre 2025 et jusqua present je nai encore recu le capital decesque dois je faire ,11-11-2025,Libleu Gustave Ligoh
22-11-2025,Carla Blay,OLBCI,Hummm moi générale à vie,bonjour a toutes et a tous je voudrais changer de banque de la societe generale a la sib donnez moi des idees svp,22-11-2025,Natou Claire Foto
22-11-2025,Natou Claire Foto,OLBCI,Avantages et inconvénients de la sIB,bonjour a toutes et a tous je voudrais changer de banque de la societe generale a la sib donnez moi des idees svp,22-11-2025,Natou Claire Foto
23-11-2025,Yao Richard N'zi,OLBCI,C'est mieux de rester là-bas hein. Mais bon....,bonjour a toutes et a tous je voudrais changer de banque de la societe generale a la sib donnez moi des idees svp,22-11-2025,Natou Claire Foto
22-11-2025,Paulin Sigui,OLBCI,VA à la BSIC,bonjour a toutes et a tous je voudrais changer de banque de la societe generale a la sib donnez moi des idees svp,22-11-2025,Natou Claire Foto
22-11-2025,Yacouba Sekongo,OLBCI,Mais tu n'as rien fait. Va dans les petites banques.,bonjour a toutes et a tous je voudrais changer de banque de la societe generale a la sib donnez moi des idees svp,22-11-2025,Natou Claire Foto
23-11-2025,Coulibaly Adi,OLBCI,"Je vous la conseille. Même si la SIB n'est pas forcément différente de la Générale. À la SIB-Siège, les gestionnaires sont plus ouverts et plutôt accueillants et polis. Cela dit la meilleure banque c'est celle où tu as une connaissance
Donc il faut avoir une relation là bas",bonjour a toutes et a tous je voudrais changer de banque de la societe generale a la sib donnez moi des idees svp,22-11-2025,Natou Claire Foto
22-11-2025,Jean Philippe Eric Boni,OLBCI,Va à la BDU,bonjour a toutes et a tous je voudrais changer de banque de la societe generale a la sib donnez moi des idees svp,22-11-2025,Natou Claire Foto
22-11-2025,Tieu Eric,OLBCI,Djo toutes les banques sont les mêmes,bonjour a toutes et a tous je voudrais changer de banque de la societe generale a la sib donnez moi des idees svp,22-11-2025,Natou Claire Foto
22-11-2025,Sandy Angelo Benediction,OLBCI,"SIB - Société Ivoirienne de Banque
svp ne l'acceptez pas sans avoir fini de régler nos nombreux problèmes.",bonjour a toutes et a tous je voudrais changer de banque de la societe generale a la sib donnez moi des idees svp,22-11-2025,Natou Claire Foto
22-11-2025,Sandy Angelo Benediction,OLBCI,Sib quoi. Kpa,bonjour a toutes et a tous je voudrais changer de banque de la societe generale a la sib donnez moi des idees svp,22-11-2025,Natou Claire Foto
22-11-2025,Trésor's Toure,OLBCI,Il n'y a pas de mauvaises banques il y a juste des mauvais gestionnaires,bonjour a toutes et a tous je voudrais changer de banque de la societe generale a la sib donnez moi des idees svp,22-11-2025,Natou Claire Foto
23-11-2025,Cyrille Kouakou,OLBCI,Va à la banque tirer un relevé de compte,jai fait un virement hier via sgbci pour le compte de mon universite ucao mais le recu est flou na til pas un moyen pour avoir la trace en ligne,23-11-2025,Aweuly Murielle Tchetche
23-11-2025,Aweuly Murielle Tchetche,OLBCI,"Cyrille Kouakou
daccord merci",jai fait un virement hier via sgbci pour le compte de mon universite ucao mais le recu est flou na til pas un moyen pour avoir la trace en ligne,23-11-2025,Aweuly Murielle Tchetche
23-11-2025,Diarrassouba Almamy,OLBCI,Fais la capture d’écran,jai fait un virement hier via sgbci pour le compte de mon universite ucao mais le recu est flou na til pas un moyen pour avoir la trace en ligne,23-11-2025,Aweuly Murielle Tchetche
23-11-2025,Ruskov Molotov,OLBCI,Tu connais tension avec diabète et insuffisance rénale ? . Faut prendre tu vas pas croire.,avec un salaire de 320mil est ce possible a la banque sgbci doctroyer un pret de 10millions,23-11-2025,Alloh Axel
23-11-2025,Abraham Gbetibouo,OLBCI,Dis-toi que tu ne recevras jamais les 10 millions en totalité. La banque va te prélever un déposit de 10% + frais de dossier qui sera au moins dans l'ordre de 500 mil et une une assurance de 5% de la valeur du prêt. Tu vas te retrouver avec 8 millions.,avec un salaire de 320mil est ce possible a la banque sgbci doctroyer un pret de 10millions,23-11-2025,Alloh Axel
23-11-2025,Douhe Auguste Yade,OLBCI,Oui possible avec un crédit sur 8 ans mais c’est quand on va te dire que tu vas rembourser en tout 15.000.000 tu vas te fâcher en même temps,avec un salaire de 320mil est ce possible a la banque sgbci doctroyer un pret de 10millions,23-11-2025,Alloh Axel
23-11-2025,Linda-armelle Padonou,OLBCI,Parfois il est préférable d'aborder certains sujets avec votre gestionnaire. Puisqu'il y va de la préservation de votre vie privée,avec un salaire de 320mil est ce possible a la banque sgbci doctroyer un pret de 10millions,23-11-2025,Alloh Axel
23-11-2025,L' enfant de KANI,OLBCI,"Mon cher, la BDU est mieux.",avec un salaire de 320mil est ce possible a la banque sgbci doctroyer un pret de 10millions,23-11-2025,Alloh Axel
23-11-2025,Serge Papys Yeboua,OLBCI,Tu causes pas avec ton gestionnaire,avec un salaire de 320mil est ce possible a la banque sgbci doctroyer un pret de 10millions,23-11-2025,Alloh Axel
23-11-2025,Dieu Fait Grâce,OLBCI,Va te renseigner chez ton gestionnaire,avec un salaire de 320mil est ce possible a la banque sgbci doctroyer un pret de 10millions,23-11-2025,Alloh Axel
23-11-2025,Arnaud Ives Akabla,OLBCI,"Non, le maximum pour ce salaire est de XOF 7 000 000 SUR 84 mois.",avec un salaire de 320mil est ce possible a la banque sgbci doctroyer un pret de 10millions,23-11-2025,Alloh Axel
23-11-2025,Schilo Christy,OLBCI,Oui bien sûr même plus,avec un salaire de 320mil est ce possible a la banque sgbci doctroyer un pret de 10millions,23-11-2025,Alloh Axel
23-11-2025,Khaled Kagnon Mohamed,OLBCI,J'espère que c'est pas pour financer mariage hein,avec un salaire de 320mil est ce possible a la banque sgbci doctroyer un pret de 10millions,23-11-2025,Alloh Axel
23-11-2025,Mankou N'zue Karimou,OLBCI,"Oui,tu l'auras.",avec un salaire de 320mil est ce possible a la banque sgbci doctroyer un pret de 10millions,23-11-2025,Alloh Axel
23-11-2025,Patrick N'dia,OLBCI,Réfléchis bien avant de prendre 10 millions là dêh !!!!!,avec un salaire de 320mil est ce possible a la banque sgbci doctroyer un pret de 10millions,23-11-2025,Alloh Axel
24-11-2025,Bakary Kone,OLBCI,"Alloh Axel, vraiment dèh ! C'est comme tu te rendais à la Mosquée pour avoir des informations sur la bible et l'organisation de l'église. Vis versa. Pour une dernière fois et plus jamais,sans faux fuyant,avec notre dernière énergie et jurons devant la communauté nationale et internationale et nous assumons en toute responsabilité, il faut te rendre chez ton gestionnaire pour savoir tout ce qui concerne ton côté intime financier. OK ? Prochainement ce sont des cailloux qui vont te ramener à notre leçon.",avec un salaire de 320mil est ce possible a la banque sgbci doctroyer un pret de 10millions,23-11-2025,Alloh Axel
23-11-2025,Coul Djak,OLBCI,Jamais... Si tu as trop eu c'est 7,avec un salaire de 320mil est ce possible a la banque sgbci doctroyer un pret de 10millions,23-11-2025,Alloh Axel
23-11-2025,Hussen Le Bon,OLBCI,"C'est pas sûr mon frère. Ceux-là,leur limite, c'est 7 millions avec 7 ans pour rembourser.",avec un salaire de 320mil est ce possible a la banque sgbci doctroyer un pret de 10millions,23-11-2025,Alloh Axel
23-11-2025,Adama Doumouya,OLBCI,"Prions Dieu Le Très Haut, de ne point faire de prêt bancaire.",avec un salaire de 320mil est ce possible a la banque sgbci doctroyer un pret de 10millions,23-11-2025,Alloh Axel
23-11-2025,Oneu Christian,OLBCI,Jamais,avec un salaire de 320mil est ce possible a la banque sgbci doctroyer un pret de 10millions,23-11-2025,Alloh Axel
23-11-2025,Moussa Bouda Ouattara,OLBCI,On dirait que lui là il veut aller au Canada,avec un salaire de 320mil est ce possible a la banque sgbci doctroyer un pret de 10millions,23-11-2025,Alloh Axel
23-11-2025,Franck Anicet Kouadio,OLBCI,7 millions max,avec un salaire de 320mil est ce possible a la banque sgbci doctroyer un pret de 10millions,23-11-2025,Alloh Axel
23-11-2025,Hervé Salomon Boaz,OLBCI,"En tant que croque mort, je suis heureux d'accueillir ma prochaine dépouille",avec un salaire de 320mil est ce possible a la banque sgbci doctroyer un pret de 10millions,23-11-2025,Alloh Axel
23-11-2025,Libleu Gustave Ligoh,OLBCI,Jamais,avec un salaire de 320mil est ce possible a la banque sgbci doctroyer un pret de 10millions,23-11-2025,Alloh Axel
23-11-2025,Bosson Le Monument,OLBCI,Bien-sûr mais à rembourser a 10 ans si tu es d'accord avec,avec un salaire de 320mil est ce possible a la banque sgbci doctroyer un pret de 10millions,23-11-2025,Alloh Axel
23-11-2025,Sèfou Kwadjo,OLBCI,C'est pour faire quoi d'abord ?,avec un salaire de 320mil est ce possible a la banque sgbci doctroyer un pret de 10millions,23-11-2025,Alloh Axel
23-11-2025,Hermman The AMENA,OLBCI,3 millions,avec un salaire de 320mil est ce possible a la banque sgbci doctroyer un pret de 10millions,23-11-2025,Alloh Axel
23-11-2025,DavidHonorat Adjobi,OLBCI,Impossible quelque soit la banque en Côte d'Ivoire.Si c'est 350 k c'est possible dans certaines banques.,avec un salaire de 320mil est ce possible a la banque sgbci doctroyer un pret de 10millions,23-11-2025,Alloh Axel
23-11-2025,Fanta Doumbia,OLBCI,Jamais,avec un salaire de 320mil est ce possible a la banque sgbci doctroyer un pret de 10millions,23-11-2025,Alloh Axel
23-11-2025,Maths En Plus,OLBCI,Va à la banque pour t'informer,avec un salaire de 320mil est ce possible a la banque sgbci doctroyer un pret de 10millions,23-11-2025,Alloh Axel
23-11-2025,Helene Yao,OLBCI,C'est pas mieux de te rendre à la banque pour plus d'informations ?,avec un salaire de 320mil est ce possible a la banque sgbci doctroyer un pret de 10millions,23-11-2025,Alloh Axel
23-11-2025,Amede Kouadio,OLBCI,"Possible, mais seulement que le délai de remboursement va engendrer un fort taux de remboursement.",avec un salaire de 320mil est ce possible a la banque sgbci doctroyer un pret de 10millions,23-11-2025,Alloh Axel
24-11-2025,Alexandra Kouamé,OLBCI,"Allez y ouvrir un compte soit à la BNI , soit à la boa c’est eux même qui vont vous poursuivre pour mettre votre prêt en place et le taux est potable",avec un salaire de 320mil est ce possible a la banque sgbci doctroyer un pret de 10millions,23-11-2025,Alloh Axel
23-11-2025,Arthur Sonya,OLBCI,Bien évidemment,avec un salaire de 320mil est ce possible a la banque sgbci doctroyer un pret de 10millions,23-11-2025,Alloh Axel
23-11-2025,Kevin Assy,OLBCI,Va causer avec la banque,avec un salaire de 320mil est ce possible a la banque sgbci doctroyer un pret de 10millions,23-11-2025,Alloh Axel
23-11-2025,Bamba Ismaïl,OLBCI,"Si tu n'as pas un bon projet fiable,mon frère ,méfie toi des prêts à la consommation,je sais de quoi je te parle,on pleure pas après",avec un salaire de 320mil est ce possible a la banque sgbci doctroyer un pret de 10millions,23-11-2025,Alloh Axel
23-11-2025,Davy Yapo,OLBCI,Si tu fais un mauvais départ tu vas regretter toute ta vie.,avec un salaire de 320mil est ce possible a la banque sgbci doctroyer un pret de 10millions,23-11-2025,Alloh Axel
23-11-2025,Liliane Zadi,OLBCI,"Je ne vous le conseille pas,trop cher à rembourser. Merci de voir votre projet à la baisse.7 millions au plus c’est mieux.",avec un salaire de 320mil est ce possible a la banque sgbci doctroyer un pret de 10millions,23-11-2025,Alloh Axel
23-11-2025,président KLG,OLBCI,Bien sûr que c'est possible,avec un salaire de 320mil est ce possible a la banque sgbci doctroyer un pret de 10millions,23-11-2025,Alloh Axel
23-11-2025,Kouadio Edouard Kouame,OLBCI,Planifie cela sur 6 ans soit 4 millions chaque 3 ans . L'intérêt sera moins frère,avec un salaire de 320mil est ce possible a la banque sgbci doctroyer un pret de 10millions,23-11-2025,Alloh Axel
23-11-2025,M B A,OLBCI,https://www.facebook.com/reel/3744971242299753/,avec un salaire de 320mil est ce possible a la banque sgbci doctroyer un pret de 10millions,23-11-2025,Alloh Axel
23-11-2025,Assistantmarketplace Inbox,OLBCI,Jamais,avec un salaire de 320mil est ce possible a la banque sgbci doctroyer un pret de 10millions,23-11-2025,Alloh Axel
23-11-2025,Kévin Beniwa,OLBCI,Avec 850k le plafond est de combien ?,avec un salaire de 320mil est ce possible a la banque sgbci doctroyer un pret de 10millions,23-11-2025,Alloh Axel
23-11-2025,Derozalega Delta,OLBCI,Vient a la bsic c'est un petit probleme,avec un salaire de 320mil est ce possible a la banque sgbci doctroyer un pret de 10millions,23-11-2025,Alloh Axel
24-11-2025,Nelly Bohue,OLBCI,Non impossible... Tu ne pourras que bénéficier d'un prêt inférieur à 7million,avec un salaire de 320mil est ce possible a la banque sgbci doctroyer un pret de 10millions,23-11-2025,Alloh Axel
23-11-2025,Kouadio Pacôme Esaie,OLBCI,Va leur demander,avec un salaire de 320mil est ce possible a la banque sgbci doctroyer un pret de 10millions,23-11-2025,Alloh Axel
23-11-2025,Kam Daniel,OLBCI,Impossible,avec un salaire de 320mil est ce possible a la banque sgbci doctroyer un pret de 10millions,23-11-2025,Alloh Axel
23-11-2025,Michel Zidago,OLBCI,"On sollicite pas
Apoutchou National
après hin",avec un salaire de 320mil est ce possible a la banque sgbci doctroyer un pret de 10millions,23-11-2025,Alloh Axel
23-11-2025,L’IvoaRian LambDa,OLBCI,Mais bien sûr… même avec 250k,avec un salaire de 320mil est ce possible a la banque sgbci doctroyer un pret de 10millions,23-11-2025,Alloh Axel
23-11-2025,Obin Konan,OLBCI,A la SG jamais!,avec un salaire de 320mil est ce possible a la banque sgbci doctroyer un pret de 10millions,23-11-2025,Alloh Axel
23-11-2025,Sansan Justin Dah,OLBCI,Jamais,avec un salaire de 320mil est ce possible a la banque sgbci doctroyer un pret de 10millions,23-11-2025,Alloh Axel
24-11-2025,Ahoussi Jean-Vincent Méa,OLBCI,Tu veux rembourser sur 100 ans oubien ?,avec un salaire de 320mil est ce possible a la banque sgbci doctroyer un pret de 10millions,23-11-2025,Alloh Axel
23-11-2025,Isaac Bamba,OLBCI,"Tu es déjà là-bas, appel ton gestionnaire en même temps.",avec un salaire de 320mil est ce possible a la banque sgbci doctroyer un pret de 10millions,23-11-2025,Alloh Axel
23-11-2025,Serge Brou Ernest,OLBCI,"Non non non non non, jamais",avec un salaire de 320mil est ce possible a la banque sgbci doctroyer un pret de 10millions,23-11-2025,Alloh Axel
24-11-2025,Angelo Ndri,OLBCI,"Impossible à SGCI, mon frère va ailleurs c'est mieux, sinon tu vas attraper ta tête comme l'ex entraineur des éléphants",avec un salaire de 320mil est ce possible a la banque sgbci doctroyer un pret de 10millions,23-11-2025,Alloh Axel
24-11-2025,Salomé Ange,OLBCI,C'est mieux de quitter labas hein. Cette banque est une plaie,avec un salaire de 320mil est ce possible a la banque sgbci doctroyer un pret de 10millions,23-11-2025,Alloh Axel
24-11-2025,Bi Danhon Narcisse Zilé,OLBCI,impossible,avec un salaire de 320mil est ce possible a la banque sgbci doctroyer un pret de 10millions,23-11-2025,Alloh Axel
23-11-2025,Nglouan Honore,OLBCI,Non,avec un salaire de 320mil est ce possible a la banque sgbci doctroyer un pret de 10millions,23-11-2025,Alloh Axel
23-11-2025,Pacome Tiemoko,OLBCI,Impossible,avec un salaire de 320mil est ce possible a la banque sgbci doctroyer un pret de 10millions,23-11-2025,Alloh Axel
23-11-2025,Kone Alvine Nassara,OLBCI,Sgci jamais,avec un salaire de 320mil est ce possible a la banque sgbci doctroyer un pret de 10millions,23-11-2025,Alloh Axel
23-11-2025,Yvette Amenan Kouadio,OLBCI,Non,avec un salaire de 320mil est ce possible a la banque sgbci doctroyer un pret de 10millions,23-11-2025,Alloh Axel
23-11-2025,Nandoh Habobia Dabila,OLBCI,Quand tu faisais ouverture de ton compte est-ce que tu nous a demandé quelque,avec un salaire de 320mil est ce possible a la banque sgbci doctroyer un pret de 10millions,23-11-2025,Alloh Axel
23-11-2025,Kouakou Albert Konan,OLBCI,Jamais,avec un salaire de 320mil est ce possible a la banque sgbci doctroyer un pret de 10millions,23-11-2025,Alloh Axel
23-11-2025,Lā Beróuze Cité,OLBCI,Ils ont 7% d'intérêt dans le temps je sais pas si ça changé. Sinon tu peux prendre.,avec un salaire de 320mil est ce possible a la banque sgbci doctroyer un pret de 10millions,23-11-2025,Alloh Axel
23-11-2025,Samajesthé Zo'ro,OLBCI,"je te déconseille , sois tu prends pour aller Europe",avec un salaire de 320mil est ce possible a la banque sgbci doctroyer un pret de 10millions,23-11-2025,Alloh Axel
23-11-2025,Vénance Kouakou,OLBCI,Oui,avec un salaire de 320mil est ce possible a la banque sgbci doctroyer un pret de 10millions,23-11-2025,Alloh Axel
23-11-2025,Salimata Kone,OLBCI,"En fonction des banques, ça sera maxi 9 millions; sur 10 ans. Donc 120 mois.",avec un salaire de 320mil est ce possible a la banque sgbci doctroyer un pret de 10millions,23-11-2025,Alloh Axel
23-11-2025,Boris Le Responsable,OLBCI,"La SGCI joue plus sur la sécurité donc ce salaire ne vous permettra pas d'avoir ce montant. Dans d'autres banques, c'est possible mais sur une très longue durée (10 ans).",avec un salaire de 320mil est ce possible a la banque sgbci doctroyer un pret de 10millions,23-11-2025,Alloh Axel
23-11-2025,Guy Serge Gora,OLBCI,Mon frère tu veux te sucider ou quoi ?,avec un salaire de 320mil est ce possible a la banque sgbci doctroyer un pret de 10millions,23-11-2025,Alloh Axel
23-11-2025,Patrick Mike,OLBCI,Peut être un rachat interne,avec un salaire de 320mil est ce possible a la banque sgbci doctroyer un pret de 10millions,23-11-2025,Alloh Axel
23-11-2025,Kouassi Charly Tanou,OLBCI,Jamais,avec un salaire de 320mil est ce possible a la banque sgbci doctroyer un pret de 10millions,23-11-2025,Alloh Axel
23-11-2025,Benie Roger Fulgence Bredou,OLBCI,Non 5 ou 6 millions payable sur 7 ans,avec un salaire de 320mil est ce possible a la banque sgbci doctroyer un pret de 10millions,23-11-2025,Alloh Axel
23-11-2025,Irié Bi Tra Vilasco,OLBCI,Non,avec un salaire de 320mil est ce possible a la banque sgbci doctroyer un pret de 10millions,23-11-2025,Alloh Axel
23-11-2025,Sa Majesté Nanan Nda,OLBCI,Sgbci ne donne pas de crédit au-delà de 7.000.000f,avec un salaire de 320mil est ce possible a la banque sgbci doctroyer un pret de 10millions,23-11-2025,Alloh Axel
23-11-2025,Thierry Gbamble Ta Bi,OLBCI,SBGI ou SGCI ? Attends demain sinon pour le moment c'est 3 ou 4 millions...,avec un salaire de 320mil est ce possible a la banque sgbci doctroyer un pret de 10millions,23-11-2025,Alloh Axel
23-11-2025,Juste LeDoya,OLBCI,"Non maxi 6,5M",avec un salaire de 320mil est ce possible a la banque sgbci doctroyer un pret de 10millions,23-11-2025,Alloh Axel
23-11-2025,Mamadou Le Noir,OLBCI,Chap chap,avec un salaire de 320mil est ce possible a la banque sgbci doctroyer un pret de 10millions,23-11-2025,Alloh Axel
24-11-2025,Camille Kakou,OLBCI,C'est la banque seule qui peut faire une similation,avec un salaire de 320mil est ce possible a la banque sgbci doctroyer un pret de 10millions,23-11-2025,Alloh Axel
24-11-2025,Mientchelê Sagesse,OLBCI,Laisse tomber,avec un salaire de 320mil est ce possible a la banque sgbci doctroyer un pret de 10millions,23-11-2025,Alloh Axel
23-11-2025,Sylvestre Kragba,OLBCI,Qd toi mm tu prononces ça tu n'as pas honte !?,avec un salaire de 320mil est ce possible a la banque sgbci doctroyer un pret de 10millions,23-11-2025,Alloh Axel
24-11-2025,Godson Rachelo,OLBCI,Jamais,avec un salaire de 320mil est ce possible a la banque sgbci doctroyer un pret de 10millions,23-11-2025,Alloh Axel
23-11-2025,Ali Sawadogo,OLBCI,Tu va payer crédit jusqu'à ta retraite,avec un salaire de 320mil est ce possible a la banque sgbci doctroyer un pret de 10millions,23-11-2025,Alloh Axel
23-11-2025,Alexis Tige de Taro,OLBCI,Pour venir rembourser 18 millions,avec un salaire de 320mil est ce possible a la banque sgbci doctroyer un pret de 10millions,23-11-2025,Alloh Axel
23-11-2025,Koffi Denis Kouakou,OLBCI,Mon frère laisse cette histoire de prêt,avec un salaire de 320mil est ce possible a la banque sgbci doctroyer un pret de 10millions,23-11-2025,Alloh Axel
23-11-2025,Mariam Sambaré,OLBCI,BDU gère ça au calme pour toi,avec un salaire de 320mil est ce possible a la banque sgbci doctroyer un pret de 10millions,23-11-2025,Alloh Axel
24-11-2025,Dagri Edouard,OLBCI,C'est pour rembourser à vie ?,avec un salaire de 320mil est ce possible a la banque sgbci doctroyer un pret de 10millions,23-11-2025,Alloh Axel
24-11-2025,Mia Johnny,OLBCI,Il ya des suicidaires dans ce groupe hein.,avec un salaire de 320mil est ce possible a la banque sgbci doctroyer un pret de 10millions,23-11-2025,Alloh Axel
24-11-2025,Guy Tignirio Gbehe,OLBCI,Ouiii c'est possible,avec un salaire de 320mil est ce possible a la banque sgbci doctroyer un pret de 10millions,23-11-2025,Alloh Axel
23-11-2025,Amiral Zolotov,OLBCI,Oui très possible,avec un salaire de 320mil est ce possible a la banque sgbci doctroyer un pret de 10millions,23-11-2025,Alloh Axel
23-11-2025,Yao Aimé Kouamé Poty,OLBCI,"Donne moi seulement la date du prêt, je veux bien t'accompagner.",avec un salaire de 320mil est ce possible a la banque sgbci doctroyer un pret de 10millions,23-11-2025,Alloh Axel
23-11-2025,N'guessan Léon Kouadio,OLBCI,"6 à 7 millions, possible !",avec un salaire de 320mil est ce possible a la banque sgbci doctroyer un pret de 10millions,23-11-2025,Alloh Axel
24-11-2025,Ev Lynn,OLBCI,"Ton signe astrologique c’est taureau je suis sure
genre la vie c’est….les risques
soit tu (debout ) avec 10 million soit tu échoue mais tu aura tenter l impensable
On arrive à rien en écoutant les autres owww tonton
fonce et vit ta propres réalités
ah ton expérience personnelle vaut mieux que 100 conseils oww",avec un salaire de 320mil est ce possible a la banque sgbci doctroyer un pret de 10millions,23-11-2025,Alloh Axel
23-11-2025,Marlene Bedous,OLBCI,On peut te donner un plafond de 11 millions.,avec un salaire de 320mil est ce possible a la banque sgbci doctroyer un pret de 10millions,23-11-2025,Alloh Axel
23-11-2025,Tite Angoran,OLBCI,C'est pour aller faire mariage ??,avec un salaire de 320mil est ce possible a la banque sgbci doctroyer un pret de 10millions,23-11-2025,Alloh Axel
23-11-2025,Adama Doumbia,OLBCI,Ya des gens qui cherchent problème vraiment,avec un salaire de 320mil est ce possible a la banque sgbci doctroyer un pret de 10millions,23-11-2025,Alloh Axel
23-11-2025,Loula Kwadio,OLBCI,Non,avec un salaire de 320mil est ce possible a la banque sgbci doctroyer un pret de 10millions,23-11-2025,Alloh Axel
23-11-2025,André Phil Gayé,OLBCI,La banque la plus avare du monde mondial...,avec un salaire de 320mil est ce possible a la banque sgbci doctroyer un pret de 10millions,23-11-2025,Alloh Axel
23-11-2025,Blaise Adou,OLBCI,"Je ne te conseille pas, c'est vraiment stressant.",avec un salaire de 320mil est ce possible a la banque sgbci doctroyer un pret de 10millions,23-11-2025,Alloh Axel
23-11-2025,Roger Miraj Lenignon Soro,OLBCI,Jamais.,avec un salaire de 320mil est ce possible a la banque sgbci doctroyer un pret de 10millions,23-11-2025,Alloh Axel
23-11-2025,Adom Nin Yêpê,OLBCI,Y-a-t-il un conseiller bancaire ici ???,avec un salaire de 320mil est ce possible a la banque sgbci doctroyer un pret de 10millions,23-11-2025,Alloh Axel
23-11-2025,Lepkai Guy-armel Mahegnon,OLBCI,Jamais,avec un salaire de 320mil est ce possible a la banque sgbci doctroyer un pret de 10millions,23-11-2025,Alloh Axel
23-11-2025,Aman Amani,OLBCI,Faut te rendre là-bas pour te renseigner,avec un salaire de 320mil est ce possible a la banque sgbci doctroyer un pret de 10millions,23-11-2025,Alloh Axel
23-11-2025,Sanogo Ibrahim,OLBCI,Impossible,avec un salaire de 320mil est ce possible a la banque sgbci doctroyer un pret de 10millions,23-11-2025,Alloh Axel
24-11-2025,Junior Diaboua,OLBCI,Tu veux pas bien voir claire dans 2026 là non oookeu,avec un salaire de 320mil est ce possible a la banque sgbci doctroyer un pret de 10millions,23-11-2025,Alloh Axel
23-11-2025,Noël Koukougnon,OLBCI,"- Les 320.000 F, c'est le salaire net ou le salaire de base ?",avec un salaire de 320mil est ce possible a la banque sgbci doctroyer un pret de 10millions,23-11-2025,Alloh Axel
23-11-2025,Demol Danis,OLBCI,Oui. Mais je préfère que tu prennes 25.000.000f. je sais pourquoi je dis ça,avec un salaire de 320mil est ce possible a la banque sgbci doctroyer un pret de 10millions,23-11-2025,Alloh Axel
23-11-2025,Yacouba Fofana,OLBCI,Jamais,avec un salaire de 320mil est ce possible a la banque sgbci doctroyer un pret de 10millions,23-11-2025,Alloh Axel
23-11-2025,Landri Yao,OLBCI,Elle peut t'accorder plus que ça à condition de présenter d'autres réalisations avec ce salaire,avec un salaire de 320mil est ce possible a la banque sgbci doctroyer un pret de 10millions,23-11-2025,Alloh Axel
23-11-2025,Milo Emil,OLBCI,Abandon de poste en téléchargement si et seulement si c'est possible.,avec un salaire de 320mil est ce possible a la banque sgbci doctroyer un pret de 10millions,23-11-2025,Alloh Axel
23-11-2025,Docteursas Seydou,OLBCI,"Avec un salaire de 320 000, votre quotité cessible est environ 107. 000. Votre capacité de remboursement annuelle est de 1 286 000. Il vous faut 8 ans pour rembourser seulement le capital. Aucune banque ne vous donnera un crédit conso au delà de 7 ans. Ce n'est donc pas possible.",avec un salaire de 320mil est ce possible a la banque sgbci doctroyer un pret de 10millions,23-11-2025,Alloh Axel
23-11-2025,Jacques-Olivier Kacou,OLBCI,Tu veux te suicider,avec un salaire de 320mil est ce possible a la banque sgbci doctroyer un pret de 10millions,23-11-2025,Alloh Axel
23-11-2025,Alfred Yoboué,OLBCI,Tu va te suicidé avec trop de problème,avec un salaire de 320mil est ce possible a la banque sgbci doctroyer un pret de 10millions,23-11-2025,Alloh Axel
23-11-2025,Hilaire Gouassere,OLBCI,Viens à la bsic tu auras cette somme.,avec un salaire de 320mil est ce possible a la banque sgbci doctroyer un pret de 10millions,23-11-2025,Alloh Axel
23-11-2025,Vie Paisible,OLBCI,Oui oui...un prêt immobilier de 10 M remboursable sur 20 ans !,avec un salaire de 320mil est ce possible a la banque sgbci doctroyer un pret de 10millions,23-11-2025,Alloh Axel
25-11-2023,Nadège Micheline Mankoua,OLBCI,Va directement à Allianz. La générale a failli me faire un salé coup le mois passé concernant cette assurance. J'ai été obligée d'aller à Allianz pour mon rachat partiel et le lendemain mon argent était sur mon compte,prz plan de retraite zenith ou arnaque sgci allianz_ci a la signature du contrat la gestionnaire sans bien explique a presenter le produit comme une epargne qui sera reversee au soir de la retraite signez et je vous remets le document la prochaine prochaine deux jours apres la gestionnaire est mutee la nouvelle gestionnaire semble ne pas sinteressee apres plus de 2 ans de cotisation lon mexplique que sur les 10000frs que lon me prelevait ce qui me revient est 8100frs ok pas de probleme je resilie le contrat reversez moi ce qui doit me revenir lon me dit encore que comme jai pas fait 10 ans de cotisation au moins une penalite de 5 sera appliquee sur ce qui me revient definitivement la encore je dis ok depuis pres de un mois et malgre mes relances vous ne mavez pas encore reverse ce qui doit me revenir allianz_ci vous voulez quoi finalement evitons de nous retrouver dans des situations deplorables,08-08-2025,"Gnamba Corneil QM
recherche
Giffarine เพื่อสุขภาพ
avec
Mohamed Berté
et
Yao Silvère
."
25-11-2023,Mohamed Berté,OLBCI,"Ce qui je n'ai pas compris, nous sommes déjà prélevés pour la pension de retraite, aussi il y a la complémentaire et la SGCI nous apporte son PRZ. J´aurai préféré que l´argent de la PRZ soit reversé sur le PEL. Toutes ces retenues pour que nous soyons riches à la retraite. Non non, c'est maintenant...",prz plan de retraite zenith ou arnaque sgci allianz_ci a la signature du contrat la gestionnaire sans bien explique a presenter le produit comme une epargne qui sera reversee au soir de la retraite signez et je vous remets le document la prochaine prochaine deux jours apres la gestionnaire est mutee la nouvelle gestionnaire semble ne pas sinteressee apres plus de 2 ans de cotisation lon mexplique que sur les 10000frs que lon me prelevait ce qui me revient est 8100frs ok pas de probleme je resilie le contrat reversez moi ce qui doit me revenir lon me dit encore que comme jai pas fait 10 ans de cotisation au moins une penalite de 5 sera appliquee sur ce qui me revient definitivement la encore je dis ok depuis pres de un mois et malgre mes relances vous ne mavez pas encore reverse ce qui doit me revenir allianz_ci vous voulez quoi finalement evitons de nous retrouver dans des situations deplorables,08-08-2025,"Gnamba Corneil QM
recherche
Giffarine เพื่อสุขภาพ
avec
Mohamed Berté
et
Yao Silvère
."
25-11-2023,Manouan Aka,OLBCI,"Affaire d'assurance là, souvent c'est bon, souvent ce n'est pas bon! Je pense que ce sont nos gestionnaires qui nous créent ce genre de problèmes. Courage frère.",prz plan de retraite zenith ou arnaque sgci allianz_ci a la signature du contrat la gestionnaire sans bien explique a presenter le produit comme une epargne qui sera reversee au soir de la retraite signez et je vous remets le document la prochaine prochaine deux jours apres la gestionnaire est mutee la nouvelle gestionnaire semble ne pas sinteressee apres plus de 2 ans de cotisation lon mexplique que sur les 10000frs que lon me prelevait ce qui me revient est 8100frs ok pas de probleme je resilie le contrat reversez moi ce qui doit me revenir lon me dit encore que comme jai pas fait 10 ans de cotisation au moins une penalite de 5 sera appliquee sur ce qui me revient definitivement la encore je dis ok depuis pres de un mois et malgre mes relances vous ne mavez pas encore reverse ce qui doit me revenir allianz_ci vous voulez quoi finalement evitons de nous retrouver dans des situations deplorables,08-08-2025,"Gnamba Corneil QM
recherche
Giffarine เพื่อสุขภาพ
avec
Mohamed Berté
et
Yao Silvère
."
25-11-2023,Odo Nagnonny,OLBCI,"Rien n'est impossible en banque, c'est le gestionnaire qui peut te faciliter ou rendre difficile tes requêtes",prz plan de retraite zenith ou arnaque sgci allianz_ci a la signature du contrat la gestionnaire sans bien explique a presenter le produit comme une epargne qui sera reversee au soir de la retraite signez et je vous remets le document la prochaine prochaine deux jours apres la gestionnaire est mutee la nouvelle gestionnaire semble ne pas sinteressee apres plus de 2 ans de cotisation lon mexplique que sur les 10000frs que lon me prelevait ce qui me revient est 8100frs ok pas de probleme je resilie le contrat reversez moi ce qui doit me revenir lon me dit encore que comme jai pas fait 10 ans de cotisation au moins une penalite de 5 sera appliquee sur ce qui me revient definitivement la encore je dis ok depuis pres de un mois et malgre mes relances vous ne mavez pas encore reverse ce qui doit me revenir allianz_ci vous voulez quoi finalement evitons de nous retrouver dans des situations deplorables,08-08-2025,"Gnamba Corneil QM
recherche
Giffarine เพื่อสุขภาพ
avec
Mohamed Berté
et
Yao Silvère
."
25-11-2023,Agoussi Mobio,OLBCI,"PRZ est une épargne de contrainte. C'est ce qui pousse à la résiliation plusieurs clients. Un client qui a un souci financier et qui va vers son partenaire financier. Leur première préoccupation c'est de vous contraindre à de nombreuses souscriptions dont ils sont convaincus que vous ne pourriez refuser puisque vous êtes coincés. De tels rapports poussent à decider mais avec rancœur. En définitive, à la résiliation, vous perdez une grande partie de cette épargne de contrainte.",prz plan de retraite zenith ou arnaque sgci allianz_ci a la signature du contrat la gestionnaire sans bien explique a presenter le produit comme une epargne qui sera reversee au soir de la retraite signez et je vous remets le document la prochaine prochaine deux jours apres la gestionnaire est mutee la nouvelle gestionnaire semble ne pas sinteressee apres plus de 2 ans de cotisation lon mexplique que sur les 10000frs que lon me prelevait ce qui me revient est 8100frs ok pas de probleme je resilie le contrat reversez moi ce qui doit me revenir lon me dit encore que comme jai pas fait 10 ans de cotisation au moins une penalite de 5 sera appliquee sur ce qui me revient definitivement la encore je dis ok depuis pres de un mois et malgre mes relances vous ne mavez pas encore reverse ce qui doit me revenir allianz_ci vous voulez quoi finalement evitons de nous retrouver dans des situations deplorables,08-08-2025,"Gnamba Corneil QM
recherche
Giffarine เพื่อสุขภาพ
avec
Mohamed Berté
et
Yao Silvère
."
25-11-2023,Diomandé Sinzé,OLBCI,Le problème c'est sûrement ta gestionnaire. J'ai résilié le mien. Ma gestionnaire ma dit 45 jours maximum. Et en moins de deux semaines c'était fait. J'ai été moi même surpris.,prz plan de retraite zenith ou arnaque sgci allianz_ci a la signature du contrat la gestionnaire sans bien explique a presenter le produit comme une epargne qui sera reversee au soir de la retraite signez et je vous remets le document la prochaine prochaine deux jours apres la gestionnaire est mutee la nouvelle gestionnaire semble ne pas sinteressee apres plus de 2 ans de cotisation lon mexplique que sur les 10000frs que lon me prelevait ce qui me revient est 8100frs ok pas de probleme je resilie le contrat reversez moi ce qui doit me revenir lon me dit encore que comme jai pas fait 10 ans de cotisation au moins une penalite de 5 sera appliquee sur ce qui me revient definitivement la encore je dis ok depuis pres de un mois et malgre mes relances vous ne mavez pas encore reverse ce qui doit me revenir allianz_ci vous voulez quoi finalement evitons de nous retrouver dans des situations deplorables,08-08-2025,"Gnamba Corneil QM
recherche
Giffarine เพื่อสุขภาพ
avec
Mohamed Berté
et
Yao Silvère
."
25-11-2023,SaintJoo LeChic,OLBCI,"Le PRZ lorsque tu le signes, il faut faire au moins 120 mois ( 10 ans) avant de le résilier. Il faut prendre le temps de lire ton contrat et garder la souche ... C'est une bonne assurance lorsque tu vas au moins à 10 ans et même plus.",prz plan de retraite zenith ou arnaque sgci allianz_ci a la signature du contrat la gestionnaire sans bien explique a presenter le produit comme une epargne qui sera reversee au soir de la retraite signez et je vous remets le document la prochaine prochaine deux jours apres la gestionnaire est mutee la nouvelle gestionnaire semble ne pas sinteressee apres plus de 2 ans de cotisation lon mexplique que sur les 10000frs que lon me prelevait ce qui me revient est 8100frs ok pas de probleme je resilie le contrat reversez moi ce qui doit me revenir lon me dit encore que comme jai pas fait 10 ans de cotisation au moins une penalite de 5 sera appliquee sur ce qui me revient definitivement la encore je dis ok depuis pres de un mois et malgre mes relances vous ne mavez pas encore reverse ce qui doit me revenir allianz_ci vous voulez quoi finalement evitons de nous retrouver dans des situations deplorables,08-08-2025,"Gnamba Corneil QM
recherche
Giffarine เพื่อสุขภาพ
avec
Mohamed Berté
et
Yao Silvère
."
25-11-2023,Adrien Boh,OLBCI,Les gens ne sont pas sérieux.,prz plan de retraite zenith ou arnaque sgci allianz_ci a la signature du contrat la gestionnaire sans bien explique a presenter le produit comme une epargne qui sera reversee au soir de la retraite signez et je vous remets le document la prochaine prochaine deux jours apres la gestionnaire est mutee la nouvelle gestionnaire semble ne pas sinteressee apres plus de 2 ans de cotisation lon mexplique que sur les 10000frs que lon me prelevait ce qui me revient est 8100frs ok pas de probleme je resilie le contrat reversez moi ce qui doit me revenir lon me dit encore que comme jai pas fait 10 ans de cotisation au moins une penalite de 5 sera appliquee sur ce qui me revient definitivement la encore je dis ok depuis pres de un mois et malgre mes relances vous ne mavez pas encore reverse ce qui doit me revenir allianz_ci vous voulez quoi finalement evitons de nous retrouver dans des situations deplorables,08-08-2025,"Gnamba Corneil QM
recherche
Giffarine เพื่อสุขภาพ
avec
Mohamed Berté
et
Yao Silvère
."
25-11-2023,Lanciné Nahoua Koné,OLBCI,Moi j'ai été obligé de souscrire à cette assurance également. Je suis déjà inquièt,prz plan de retraite zenith ou arnaque sgci allianz_ci a la signature du contrat la gestionnaire sans bien explique a presenter le produit comme une epargne qui sera reversee au soir de la retraite signez et je vous remets le document la prochaine prochaine deux jours apres la gestionnaire est mutee la nouvelle gestionnaire semble ne pas sinteressee apres plus de 2 ans de cotisation lon mexplique que sur les 10000frs que lon me prelevait ce qui me revient est 8100frs ok pas de probleme je resilie le contrat reversez moi ce qui doit me revenir lon me dit encore que comme jai pas fait 10 ans de cotisation au moins une penalite de 5 sera appliquee sur ce qui me revient definitivement la encore je dis ok depuis pres de un mois et malgre mes relances vous ne mavez pas encore reverse ce qui doit me revenir allianz_ci vous voulez quoi finalement evitons de nous retrouver dans des situations deplorables,08-08-2025,"Gnamba Corneil QM
recherche
Giffarine เพื่อสุขภาพ
avec
Mohamed Berté
et
Yao Silvère
."
25-11-2023,Niangoran Syntyche EpouseLoba,OLBCI,Ouhhh seigneur donc mon gestionnaire aussi est dedans parce moi sa fait la deuxième fois que j'ai signé les papiers pour la résiliation et toujours rien depuis le mois de février. Qu'est-ce que je dois faire,prz plan de retraite zenith ou arnaque sgci allianz_ci a la signature du contrat la gestionnaire sans bien explique a presenter le produit comme une epargne qui sera reversee au soir de la retraite signez et je vous remets le document la prochaine prochaine deux jours apres la gestionnaire est mutee la nouvelle gestionnaire semble ne pas sinteressee apres plus de 2 ans de cotisation lon mexplique que sur les 10000frs que lon me prelevait ce qui me revient est 8100frs ok pas de probleme je resilie le contrat reversez moi ce qui doit me revenir lon me dit encore que comme jai pas fait 10 ans de cotisation au moins une penalite de 5 sera appliquee sur ce qui me revient definitivement la encore je dis ok depuis pres de un mois et malgre mes relances vous ne mavez pas encore reverse ce qui doit me revenir allianz_ci vous voulez quoi finalement evitons de nous retrouver dans des situations deplorables,08-08-2025,"Gnamba Corneil QM
recherche
Giffarine เพื่อสุขภาพ
avec
Mohamed Berté
et
Yao Silvère
."
25-11-2023,Albéina Dix,OLBCI,Mon frère je suis un client de la générale . Allianz ci n'a rien avoir avec ça. Rends toi à Allianz plateau derrière la pharmacie Longchamp tu seras satisfait.,prz plan de retraite zenith ou arnaque sgci allianz_ci a la signature du contrat la gestionnaire sans bien explique a presenter le produit comme une epargne qui sera reversee au soir de la retraite signez et je vous remets le document la prochaine prochaine deux jours apres la gestionnaire est mutee la nouvelle gestionnaire semble ne pas sinteressee apres plus de 2 ans de cotisation lon mexplique que sur les 10000frs que lon me prelevait ce qui me revient est 8100frs ok pas de probleme je resilie le contrat reversez moi ce qui doit me revenir lon me dit encore que comme jai pas fait 10 ans de cotisation au moins une penalite de 5 sera appliquee sur ce qui me revient definitivement la encore je dis ok depuis pres de un mois et malgre mes relances vous ne mavez pas encore reverse ce qui doit me revenir allianz_ci vous voulez quoi finalement evitons de nous retrouver dans des situations deplorables,08-08-2025,"Gnamba Corneil QM
recherche
Giffarine เพื่อสุขภาพ
avec
Mohamed Berté
et
Yao Silvère
."
25-11-2023,Souleymane Cherif Aidara,OLBCI,Et on nous exige de signer forcément à ce produit alors je cotise déjà pour la pour ma retraite étant fonctionnaire...,prz plan de retraite zenith ou arnaque sgci allianz_ci a la signature du contrat la gestionnaire sans bien explique a presenter le produit comme une epargne qui sera reversee au soir de la retraite signez et je vous remets le document la prochaine prochaine deux jours apres la gestionnaire est mutee la nouvelle gestionnaire semble ne pas sinteressee apres plus de 2 ans de cotisation lon mexplique que sur les 10000frs que lon me prelevait ce qui me revient est 8100frs ok pas de probleme je resilie le contrat reversez moi ce qui doit me revenir lon me dit encore que comme jai pas fait 10 ans de cotisation au moins une penalite de 5 sera appliquee sur ce qui me revient definitivement la encore je dis ok depuis pres de un mois et malgre mes relances vous ne mavez pas encore reverse ce qui doit me revenir allianz_ci vous voulez quoi finalement evitons de nous retrouver dans des situations deplorables,08-08-2025,"Gnamba Corneil QM
recherche
Giffarine เพื่อสุขภาพ
avec
Mohamed Berté
et
Yao Silvère
."
25-11-2023,Zokou Bi Goree,OLBCI,C'est un produit banque assurance alors c'est deux structures financières( SGCI et ALLIANZ) qui sont chargés de gérer le produit alors le traitement sera lent,prz plan de retraite zenith ou arnaque sgci allianz_ci a la signature du contrat la gestionnaire sans bien explique a presenter le produit comme une epargne qui sera reversee au soir de la retraite signez et je vous remets le document la prochaine prochaine deux jours apres la gestionnaire est mutee la nouvelle gestionnaire semble ne pas sinteressee apres plus de 2 ans de cotisation lon mexplique que sur les 10000frs que lon me prelevait ce qui me revient est 8100frs ok pas de probleme je resilie le contrat reversez moi ce qui doit me revenir lon me dit encore que comme jai pas fait 10 ans de cotisation au moins une penalite de 5 sera appliquee sur ce qui me revient definitivement la encore je dis ok depuis pres de un mois et malgre mes relances vous ne mavez pas encore reverse ce qui doit me revenir allianz_ci vous voulez quoi finalement evitons de nous retrouver dans des situations deplorables,08-08-2025,"Gnamba Corneil QM
recherche
Giffarine เพื่อสุขภาพ
avec
Mohamed Berté
et
Yao Silvère
."
25-11-2023,Tieu Eric,OLBCI,C'est méchant ça! Il faut te rendre à l'agence principale pour dénoncer tout ça.,prz plan de retraite zenith ou arnaque sgci allianz_ci a la signature du contrat la gestionnaire sans bien explique a presenter le produit comme une epargne qui sera reversee au soir de la retraite signez et je vous remets le document la prochaine prochaine deux jours apres la gestionnaire est mutee la nouvelle gestionnaire semble ne pas sinteressee apres plus de 2 ans de cotisation lon mexplique que sur les 10000frs que lon me prelevait ce qui me revient est 8100frs ok pas de probleme je resilie le contrat reversez moi ce qui doit me revenir lon me dit encore que comme jai pas fait 10 ans de cotisation au moins une penalite de 5 sera appliquee sur ce qui me revient definitivement la encore je dis ok depuis pres de un mois et malgre mes relances vous ne mavez pas encore reverse ce qui doit me revenir allianz_ci vous voulez quoi finalement evitons de nous retrouver dans des situations deplorables,08-08-2025,"Gnamba Corneil QM
recherche
Giffarine เพื่อสุขภาพ
avec
Mohamed Berté
et
Yao Silvère
."
25-11-2023,Général Ttb Chefdeterre,OLBCI,J’ai ce même problème actuellement…comme si c’était moi qui avais écrit ce TEXTE.,prz plan de retraite zenith ou arnaque sgci allianz_ci a la signature du contrat la gestionnaire sans bien explique a presenter le produit comme une epargne qui sera reversee au soir de la retraite signez et je vous remets le document la prochaine prochaine deux jours apres la gestionnaire est mutee la nouvelle gestionnaire semble ne pas sinteressee apres plus de 2 ans de cotisation lon mexplique que sur les 10000frs que lon me prelevait ce qui me revient est 8100frs ok pas de probleme je resilie le contrat reversez moi ce qui doit me revenir lon me dit encore que comme jai pas fait 10 ans de cotisation au moins une penalite de 5 sera appliquee sur ce qui me revient definitivement la encore je dis ok depuis pres de un mois et malgre mes relances vous ne mavez pas encore reverse ce qui doit me revenir allianz_ci vous voulez quoi finalement evitons de nous retrouver dans des situations deplorables,08-08-2025,"Gnamba Corneil QM
recherche
Giffarine เพื่อสุขภาพ
avec
Mohamed Berté
et
Yao Silvère
."
25-11-2023,N'zalasset Koffi Yves,OLBCI,"Il faut créer un grand scandale dans leur banque, ils vont s'atteler",prz plan de retraite zenith ou arnaque sgci allianz_ci a la signature du contrat la gestionnaire sans bien explique a presenter le produit comme une epargne qui sera reversee au soir de la retraite signez et je vous remets le document la prochaine prochaine deux jours apres la gestionnaire est mutee la nouvelle gestionnaire semble ne pas sinteressee apres plus de 2 ans de cotisation lon mexplique que sur les 10000frs que lon me prelevait ce qui me revient est 8100frs ok pas de probleme je resilie le contrat reversez moi ce qui doit me revenir lon me dit encore que comme jai pas fait 10 ans de cotisation au moins une penalite de 5 sera appliquee sur ce qui me revient definitivement la encore je dis ok depuis pres de un mois et malgre mes relances vous ne mavez pas encore reverse ce qui doit me revenir allianz_ci vous voulez quoi finalement evitons de nous retrouver dans des situations deplorables,08-08-2025,"Gnamba Corneil QM
recherche
Giffarine เพื่อสุขภาพ
avec
Mohamed Berté
et
Yao Silvère
."
25-11-2023,Missa Claverie Nadège,OLBCI,"Cette affaire de PRZ! Yako! Mon frère, le problème vient de ton gestionnaire. J'ai résilié le mien en mai 2022 et c'est en février 2023 que je suis rentrée en possession de mes fonds. J'ai dû résilier 4 fois, chaque fois en établissant des déclarations de perte à 2500f chacune sans compter mon transport divo-yamoussoukro. Mon gestionnaire me faisait croire qu'il résiliait et que c'est mon contrat qui se perdait. Il a fini par avouer qu'il ne résiliait pas mais vu mon insistance , il se sentait obligé. Ça, c'était en janvier et c'est en février que j'ai eu mon argent .",prz plan de retraite zenith ou arnaque sgci allianz_ci a la signature du contrat la gestionnaire sans bien explique a presenter le produit comme une epargne qui sera reversee au soir de la retraite signez et je vous remets le document la prochaine prochaine deux jours apres la gestionnaire est mutee la nouvelle gestionnaire semble ne pas sinteressee apres plus de 2 ans de cotisation lon mexplique que sur les 10000frs que lon me prelevait ce qui me revient est 8100frs ok pas de probleme je resilie le contrat reversez moi ce qui doit me revenir lon me dit encore que comme jai pas fait 10 ans de cotisation au moins une penalite de 5 sera appliquee sur ce qui me revient definitivement la encore je dis ok depuis pres de un mois et malgre mes relances vous ne mavez pas encore reverse ce qui doit me revenir allianz_ci vous voulez quoi finalement evitons de nous retrouver dans des situations deplorables,08-08-2025,"Gnamba Corneil QM
recherche
Giffarine เพื่อสุขภาพ
avec
Mohamed Berté
et
Yao Silvère
."
25-11-2023,Lass Vainqueur,OLBCI,Ça c'est la Sgci en ce moment...Je dis ce sont des wolairrr!,prz plan de retraite zenith ou arnaque sgci allianz_ci a la signature du contrat la gestionnaire sans bien explique a presenter le produit comme une epargne qui sera reversee au soir de la retraite signez et je vous remets le document la prochaine prochaine deux jours apres la gestionnaire est mutee la nouvelle gestionnaire semble ne pas sinteressee apres plus de 2 ans de cotisation lon mexplique que sur les 10000frs que lon me prelevait ce qui me revient est 8100frs ok pas de probleme je resilie le contrat reversez moi ce qui doit me revenir lon me dit encore que comme jai pas fait 10 ans de cotisation au moins une penalite de 5 sera appliquee sur ce qui me revient definitivement la encore je dis ok depuis pres de un mois et malgre mes relances vous ne mavez pas encore reverse ce qui doit me revenir allianz_ci vous voulez quoi finalement evitons de nous retrouver dans des situations deplorables,08-08-2025,"Gnamba Corneil QM
recherche
Giffarine เพื่อสุขภาพ
avec
Mohamed Berté
et
Yao Silvère
."
25-11-2023,Maman de Kokemien,OLBCI,"J'ai résilié mon contrat, l'argent m'a été versé un.mois après....ko d'attendre 10 ans car ça va beaucoup me servir...je dis oui.oui...je travaille encore je reviendrai signé encore...donnez l'argent seulement....ko kpinflin",prz plan de retraite zenith ou arnaque sgci allianz_ci a la signature du contrat la gestionnaire sans bien explique a presenter le produit comme une epargne qui sera reversee au soir de la retraite signez et je vous remets le document la prochaine prochaine deux jours apres la gestionnaire est mutee la nouvelle gestionnaire semble ne pas sinteressee apres plus de 2 ans de cotisation lon mexplique que sur les 10000frs que lon me prelevait ce qui me revient est 8100frs ok pas de probleme je resilie le contrat reversez moi ce qui doit me revenir lon me dit encore que comme jai pas fait 10 ans de cotisation au moins une penalite de 5 sera appliquee sur ce qui me revient definitivement la encore je dis ok depuis pres de un mois et malgre mes relances vous ne mavez pas encore reverse ce qui doit me revenir allianz_ci vous voulez quoi finalement evitons de nous retrouver dans des situations deplorables,08-08-2025,"Gnamba Corneil QM
recherche
Giffarine เพื่อสุขภาพ
avec
Mohamed Berté
et
Yao Silvère
."
25-11-2023,Roger Miraj Lenignon Soro,OLBCI,"c'est bruit qu'il faut, il faut faire des tapages dans leur locale.",prz plan de retraite zenith ou arnaque sgci allianz_ci a la signature du contrat la gestionnaire sans bien explique a presenter le produit comme une epargne qui sera reversee au soir de la retraite signez et je vous remets le document la prochaine prochaine deux jours apres la gestionnaire est mutee la nouvelle gestionnaire semble ne pas sinteressee apres plus de 2 ans de cotisation lon mexplique que sur les 10000frs que lon me prelevait ce qui me revient est 8100frs ok pas de probleme je resilie le contrat reversez moi ce qui doit me revenir lon me dit encore que comme jai pas fait 10 ans de cotisation au moins une penalite de 5 sera appliquee sur ce qui me revient definitivement la encore je dis ok depuis pres de un mois et malgre mes relances vous ne mavez pas encore reverse ce qui doit me revenir allianz_ci vous voulez quoi finalement evitons de nous retrouver dans des situations deplorables,08-08-2025,"Gnamba Corneil QM
recherche
Giffarine เพื่อสุขภาพ
avec
Mohamed Berté
et
Yao Silvère
."
25-11-2023,Mamadou Costner Dosso,OLBCI,"Rends toi au siège d' Allianz au plateau. Au besoin, apprête-toi à faire un gbafou.",prz plan de retraite zenith ou arnaque sgci allianz_ci a la signature du contrat la gestionnaire sans bien explique a presenter le produit comme une epargne qui sera reversee au soir de la retraite signez et je vous remets le document la prochaine prochaine deux jours apres la gestionnaire est mutee la nouvelle gestionnaire semble ne pas sinteressee apres plus de 2 ans de cotisation lon mexplique que sur les 10000frs que lon me prelevait ce qui me revient est 8100frs ok pas de probleme je resilie le contrat reversez moi ce qui doit me revenir lon me dit encore que comme jai pas fait 10 ans de cotisation au moins une penalite de 5 sera appliquee sur ce qui me revient definitivement la encore je dis ok depuis pres de un mois et malgre mes relances vous ne mavez pas encore reverse ce qui doit me revenir allianz_ci vous voulez quoi finalement evitons de nous retrouver dans des situations deplorables,08-08-2025,"Gnamba Corneil QM
recherche
Giffarine เพื่อสุขภาพ
avec
Mohamed Berté
et
Yao Silvère
."
25-11-2023,Jean-Rodrigue Madou Bi,OLBCI,"Sunu a un produit pareil : tu paies 10.000f mais au reversement du capital, tu as droit à 6.500 et le reste c'est assurance décès. Un faux produit.",prz plan de retraite zenith ou arnaque sgci allianz_ci a la signature du contrat la gestionnaire sans bien explique a presenter le produit comme une epargne qui sera reversee au soir de la retraite signez et je vous remets le document la prochaine prochaine deux jours apres la gestionnaire est mutee la nouvelle gestionnaire semble ne pas sinteressee apres plus de 2 ans de cotisation lon mexplique que sur les 10000frs que lon me prelevait ce qui me revient est 8100frs ok pas de probleme je resilie le contrat reversez moi ce qui doit me revenir lon me dit encore que comme jai pas fait 10 ans de cotisation au moins une penalite de 5 sera appliquee sur ce qui me revient definitivement la encore je dis ok depuis pres de un mois et malgre mes relances vous ne mavez pas encore reverse ce qui doit me revenir allianz_ci vous voulez quoi finalement evitons de nous retrouver dans des situations deplorables,08-08-2025,"Gnamba Corneil QM
recherche
Giffarine เพื่อสุขภาพ
avec
Mohamed Berté
et
Yao Silvère
."
25-11-2023,Aristide Amani N'da,OLBCI,Apparemment vous n'avez pas la souche ?,prz plan de retraite zenith ou arnaque sgci allianz_ci a la signature du contrat la gestionnaire sans bien explique a presenter le produit comme une epargne qui sera reversee au soir de la retraite signez et je vous remets le document la prochaine prochaine deux jours apres la gestionnaire est mutee la nouvelle gestionnaire semble ne pas sinteressee apres plus de 2 ans de cotisation lon mexplique que sur les 10000frs que lon me prelevait ce qui me revient est 8100frs ok pas de probleme je resilie le contrat reversez moi ce qui doit me revenir lon me dit encore que comme jai pas fait 10 ans de cotisation au moins une penalite de 5 sera appliquee sur ce qui me revient definitivement la encore je dis ok depuis pres de un mois et malgre mes relances vous ne mavez pas encore reverse ce qui doit me revenir allianz_ci vous voulez quoi finalement evitons de nous retrouver dans des situations deplorables,08-08-2025,"Gnamba Corneil QM
recherche
Giffarine เพื่อสุขภาพ
avec
Mohamed Berté
et
Yao Silvère
."
25-11-2023,Cissé Ba Aichath,OLBCI,On sais même plus à qui faire confiance,prz plan de retraite zenith ou arnaque sgci allianz_ci a la signature du contrat la gestionnaire sans bien explique a presenter le produit comme une epargne qui sera reversee au soir de la retraite signez et je vous remets le document la prochaine prochaine deux jours apres la gestionnaire est mutee la nouvelle gestionnaire semble ne pas sinteressee apres plus de 2 ans de cotisation lon mexplique que sur les 10000frs que lon me prelevait ce qui me revient est 8100frs ok pas de probleme je resilie le contrat reversez moi ce qui doit me revenir lon me dit encore que comme jai pas fait 10 ans de cotisation au moins une penalite de 5 sera appliquee sur ce qui me revient definitivement la encore je dis ok depuis pres de un mois et malgre mes relances vous ne mavez pas encore reverse ce qui doit me revenir allianz_ci vous voulez quoi finalement evitons de nous retrouver dans des situations deplorables,08-08-2025,"Gnamba Corneil QM
recherche
Giffarine เพื่อสุขภาพ
avec
Mohamed Berté
et
Yao Silvère
."
25-11-2023,Roger Miraj Lenignon Soro,OLBCI,"leur totem ,c'est le bruit !!!!!",prz plan de retraite zenith ou arnaque sgci allianz_ci a la signature du contrat la gestionnaire sans bien explique a presenter le produit comme une epargne qui sera reversee au soir de la retraite signez et je vous remets le document la prochaine prochaine deux jours apres la gestionnaire est mutee la nouvelle gestionnaire semble ne pas sinteressee apres plus de 2 ans de cotisation lon mexplique que sur les 10000frs que lon me prelevait ce qui me revient est 8100frs ok pas de probleme je resilie le contrat reversez moi ce qui doit me revenir lon me dit encore que comme jai pas fait 10 ans de cotisation au moins une penalite de 5 sera appliquee sur ce qui me revient definitivement la encore je dis ok depuis pres de un mois et malgre mes relances vous ne mavez pas encore reverse ce qui doit me revenir allianz_ci vous voulez quoi finalement evitons de nous retrouver dans des situations deplorables,08-08-2025,"Gnamba Corneil QM
recherche
Giffarine เพื่อสุขภาพ
avec
Mohamed Berté
et
Yao Silvère
."
25-11-2023,N'guessan Guy Michel Konan,OLBCI,Donc je suis foutu car j'ai souscrire à ce produit là je veux le résilier aussi,prz plan de retraite zenith ou arnaque sgci allianz_ci a la signature du contrat la gestionnaire sans bien explique a presenter le produit comme une epargne qui sera reversee au soir de la retraite signez et je vous remets le document la prochaine prochaine deux jours apres la gestionnaire est mutee la nouvelle gestionnaire semble ne pas sinteressee apres plus de 2 ans de cotisation lon mexplique que sur les 10000frs que lon me prelevait ce qui me revient est 8100frs ok pas de probleme je resilie le contrat reversez moi ce qui doit me revenir lon me dit encore que comme jai pas fait 10 ans de cotisation au moins une penalite de 5 sera appliquee sur ce qui me revient definitivement la encore je dis ok depuis pres de un mois et malgre mes relances vous ne mavez pas encore reverse ce qui doit me revenir allianz_ci vous voulez quoi finalement evitons de nous retrouver dans des situations deplorables,08-08-2025,"Gnamba Corneil QM
recherche
Giffarine เพื่อสุขภาพ
avec
Mohamed Berté
et
Yao Silvère
."
25-11-2023,Lydie Djédjé,OLBCI,"Je voudrais parler à un gestionnaire de la sgci d, Aboisso svp",prz plan de retraite zenith ou arnaque sgci allianz_ci a la signature du contrat la gestionnaire sans bien explique a presenter le produit comme une epargne qui sera reversee au soir de la retraite signez et je vous remets le document la prochaine prochaine deux jours apres la gestionnaire est mutee la nouvelle gestionnaire semble ne pas sinteressee apres plus de 2 ans de cotisation lon mexplique que sur les 10000frs que lon me prelevait ce qui me revient est 8100frs ok pas de probleme je resilie le contrat reversez moi ce qui doit me revenir lon me dit encore que comme jai pas fait 10 ans de cotisation au moins une penalite de 5 sera appliquee sur ce qui me revient definitivement la encore je dis ok depuis pres de un mois et malgre mes relances vous ne mavez pas encore reverse ce qui doit me revenir allianz_ci vous voulez quoi finalement evitons de nous retrouver dans des situations deplorables,08-08-2025,"Gnamba Corneil QM
recherche
Giffarine เพื่อสุขภาพ
avec
Mohamed Berté
et
Yao Silvère
."
25-11-2023,Christian Béssé,OLBCI,Signer un contrat sans prendre sa souche surtout pour qqchose qui engage toute la vie.,prz plan de retraite zenith ou arnaque sgci allianz_ci a la signature du contrat la gestionnaire sans bien explique a presenter le produit comme une epargne qui sera reversee au soir de la retraite signez et je vous remets le document la prochaine prochaine deux jours apres la gestionnaire est mutee la nouvelle gestionnaire semble ne pas sinteressee apres plus de 2 ans de cotisation lon mexplique que sur les 10000frs que lon me prelevait ce qui me revient est 8100frs ok pas de probleme je resilie le contrat reversez moi ce qui doit me revenir lon me dit encore que comme jai pas fait 10 ans de cotisation au moins une penalite de 5 sera appliquee sur ce qui me revient definitivement la encore je dis ok depuis pres de un mois et malgre mes relances vous ne mavez pas encore reverse ce qui doit me revenir allianz_ci vous voulez quoi finalement evitons de nous retrouver dans des situations deplorables,08-08-2025,"Gnamba Corneil QM
recherche
Giffarine เพื่อสุขภาพ
avec
Mohamed Berté
et
Yao Silvère
."
25-11-2023,Francine Douonohandé,OLBCI,Moi j'ai résilié depuis le 19 Avril 2023 à SGCI MAN et depuis près de 4 mois aujourd'hui rien,prz plan de retraite zenith ou arnaque sgci allianz_ci a la signature du contrat la gestionnaire sans bien explique a presenter le produit comme une epargne qui sera reversee au soir de la retraite signez et je vous remets le document la prochaine prochaine deux jours apres la gestionnaire est mutee la nouvelle gestionnaire semble ne pas sinteressee apres plus de 2 ans de cotisation lon mexplique que sur les 10000frs que lon me prelevait ce qui me revient est 8100frs ok pas de probleme je resilie le contrat reversez moi ce qui doit me revenir lon me dit encore que comme jai pas fait 10 ans de cotisation au moins une penalite de 5 sera appliquee sur ce qui me revient definitivement la encore je dis ok depuis pres de un mois et malgre mes relances vous ne mavez pas encore reverse ce qui doit me revenir allianz_ci vous voulez quoi finalement evitons de nous retrouver dans des situations deplorables,08-08-2025,"Gnamba Corneil QM
recherche
Giffarine เพื่อสุขภาพ
avec
Mohamed Berté
et
Yao Silvère
."
25-11-2023,Malick Ismael Pelado,OLBCI,C’est purement de l’escroquerie!!,prz plan de retraite zenith ou arnaque sgci allianz_ci a la signature du contrat la gestionnaire sans bien explique a presenter le produit comme une epargne qui sera reversee au soir de la retraite signez et je vous remets le document la prochaine prochaine deux jours apres la gestionnaire est mutee la nouvelle gestionnaire semble ne pas sinteressee apres plus de 2 ans de cotisation lon mexplique que sur les 10000frs que lon me prelevait ce qui me revient est 8100frs ok pas de probleme je resilie le contrat reversez moi ce qui doit me revenir lon me dit encore que comme jai pas fait 10 ans de cotisation au moins une penalite de 5 sera appliquee sur ce qui me revient definitivement la encore je dis ok depuis pres de un mois et malgre mes relances vous ne mavez pas encore reverse ce qui doit me revenir allianz_ci vous voulez quoi finalement evitons de nous retrouver dans des situations deplorables,08-08-2025,"Gnamba Corneil QM
recherche
Giffarine เพื่อสุขภาพ
avec
Mohamed Berté
et
Yao Silvère
."
25-11-2023,Anibié Armand Gbéhiri,OLBCI,Votre salaire est beaucoup dèh !,prz plan de retraite zenith ou arnaque sgci allianz_ci a la signature du contrat la gestionnaire sans bien explique a presenter le produit comme une epargne qui sera reversee au soir de la retraite signez et je vous remets le document la prochaine prochaine deux jours apres la gestionnaire est mutee la nouvelle gestionnaire semble ne pas sinteressee apres plus de 2 ans de cotisation lon mexplique que sur les 10000frs que lon me prelevait ce qui me revient est 8100frs ok pas de probleme je resilie le contrat reversez moi ce qui doit me revenir lon me dit encore que comme jai pas fait 10 ans de cotisation au moins une penalite de 5 sera appliquee sur ce qui me revient definitivement la encore je dis ok depuis pres de un mois et malgre mes relances vous ne mavez pas encore reverse ce qui doit me revenir allianz_ci vous voulez quoi finalement evitons de nous retrouver dans des situations deplorables,08-08-2025,"Gnamba Corneil QM
recherche
Giffarine เพื่อสุขภาพ
avec
Mohamed Berté
et
Yao Silvère
."
25-11-2023,Francky la Bénédiction,OLBCI,Allianz Assurances Côte d'Ivoire,prz plan de retraite zenith ou arnaque sgci allianz_ci a la signature du contrat la gestionnaire sans bien explique a presenter le produit comme une epargne qui sera reversee au soir de la retraite signez et je vous remets le document la prochaine prochaine deux jours apres la gestionnaire est mutee la nouvelle gestionnaire semble ne pas sinteressee apres plus de 2 ans de cotisation lon mexplique que sur les 10000frs que lon me prelevait ce qui me revient est 8100frs ok pas de probleme je resilie le contrat reversez moi ce qui doit me revenir lon me dit encore que comme jai pas fait 10 ans de cotisation au moins une penalite de 5 sera appliquee sur ce qui me revient definitivement la encore je dis ok depuis pres de un mois et malgre mes relances vous ne mavez pas encore reverse ce qui doit me revenir allianz_ci vous voulez quoi finalement evitons de nous retrouver dans des situations deplorables,08-08-2025,"Gnamba Corneil QM
recherche
Giffarine เพื่อสุขภาพ
avec
Mohamed Berté
et
Yao Silvère
."
23-11-2025,Alioune Kone,OLBCI,Retourne à la banque. Ça sera plus facile de regler le probleme,jai fait un virement hier via sgbci pour le compte de mon universite ucao mais le recu est flou na til pas un moyen pour avoir la trace en ligne,23-11-2025,Aweuly Murielle Tchetche
23-11-2025,Biossio Didier,OLBCI,SE RENDRE DANS. UNE AGENCE POUR TIRÉ UN RELEVÉ OU EXTRAIT DE COMPTE .,jai fait un virement hier via sgbci pour le compte de mon universite ucao mais le recu est flou na til pas un moyen pour avoir la trace en ligne,23-11-2025,Aweuly Murielle Tchetche
24-11-2025,Ton Banquier en ligne,OLBCI,"Aweuly Murielle Tchetche
Le reçu n’est pas flou.",jai fait un virement hier via sgbci pour le compte de mon universite ucao mais le recu est flou na til pas un moyen pour avoir la trace en ligne,23-11-2025,Aweuly Murielle Tchetche
23-11-2025,Aimé Kouadio Konan,OLBCI,Je l'ai fait dans le mois de juillet ça n'a pas tardé.,sgci agnibilekrou jai depose une demande de remboursement anticipe de pret depuis le 23 septembre on ma dit que ca se fera dans max 21 jours jusqua aujourdhui zero le gestionnaire aussi repond difficilement vers qui me tourner ,23-11-2025,Charlène Ehouman
23-11-2025,Aimé Kouadio Konan,OLBCI,Il faut mettre la pression sur ton gestionnaire,sgci agnibilekrou jai depose une demande de remboursement anticipe de pret depuis le 23 septembre on ma dit que ca se fera dans max 21 jours jusqua aujourdhui zero le gestionnaire aussi repond difficilement vers qui me tourner ,23-11-2025,Charlène Ehouman
23-11-2025,Force Tranquille,OLBCI,Je suis dans le même cas mais chez Nsia Banque,sgci agnibilekrou jai depose une demande de remboursement anticipe de pret depuis le 23 septembre on ma dit que ca se fera dans max 21 jours jusqua aujourdhui zero le gestionnaire aussi repond difficilement vers qui me tourner ,23-11-2025,Charlène Ehouman
23-11-2025,Constant Tchapo,OLBCI,Votre gestionnaire est le pro.blème ....,sgci agnibilekrou jai depose une demande de remboursement anticipe de pret depuis le 23 septembre on ma dit que ca se fera dans max 21 jours jusqua aujourdhui zero le gestionnaire aussi repond difficilement vers qui me tourner ,23-11-2025,Charlène Ehouman
30-11-2025,M B A,OLBCI,https://wa.me/2250585756610,je suis un client de la sgci j ai ete debite a tort ce matin dans un guichet de bda cela peut mettre combien de temps pour que je sois en possession des fonds,29-11-2025,Albatros Oumar Dagnogo
30-11-2025,Carla Blay,OLBCI,"Yako à nous oooh ,je n'ai pas salaire ce mois",je suis un client de la sgci j ai ete debite a tort ce matin dans un guichet de bda cela peut mettre combien de temps pour que je sois en possession des fonds,29-11-2025,Albatros Oumar Dagnogo
29-11-2025,Tite Angoran,OLBCI,Souvent ça revient après les 24 h,je suis un client de la sgci j ai ete debite a tort ce matin dans un guichet de bda cela peut mettre combien de temps pour que je sois en possession des fonds,29-11-2025,Albatros Oumar Dagnogo
01-12-2025,Coulibaly Adi,OLBCI,"Il faut écrire pour signaler l'incident
en principe c'est un problème connu et ça va très vite",je suis un client de la sgci j ai ete debite a tort ce matin dans un guichet de bda cela peut mettre combien de temps pour que je sois en possession des fonds,29-11-2025,Albatros Oumar Dagnogo
01-12-2025,Paul Ehi,OLBCI,Quand vous faites retrait ailleurs vous êtes livrés à ce genre de chose.,je suis un client de la sgci j ai ete debite a tort ce matin dans un guichet de bda cela peut mettre combien de temps pour que je sois en possession des fonds,29-11-2025,Albatros Oumar Dagnogo
30-11-2025,Thierry Tchatcho,OLBCI,J'ai eu le problème 45 jours ouvrables,je suis un client de la sgci j ai ete debite a tort ce matin dans un guichet de bda cela peut mettre combien de temps pour que je sois en possession des fonds,29-11-2025,Albatros Oumar Dagnogo
02-12-2025,Ablan Es Ané,OLBCI,30jours. Appelle Yeri et fais ta réclamation.,je suis un client de la sgci j ai ete debite a tort ce matin dans un guichet de bda cela peut mettre combien de temps pour que je sois en possession des fonds,29-11-2025,Albatros Oumar Dagnogo
29-11-2025,Ruskov Molotov,OLBCI,C'est minimum 45 jours . Yako comment à casser tes comptes d'épargne parce que si c'est ton seul Revenu ça va chauffer maintenant .,je suis un client de la sgci j ai ete debite a tort ce matin dans un guichet de bda cela peut mettre combien de temps pour que je sois en possession des fonds,29-11-2025,Albatros Oumar Dagnogo
29-11-2025,Yvette Bassolé,OLBCI,"Yako d abord, j'ai eu ce problème pendant cette même période, j'ai fait une réclamation, de novembre c'est jusqu'en fin janvier avec menace de quitter la banque que mon problème a été résolu",je suis un client de la sgci j ai ete debite a tort ce matin dans un guichet de bda cela peut mettre combien de temps pour que je sois en possession des fonds,29-11-2025,Albatros Oumar Dagnogo
29-11-2025,Kouame Gerard Herve,OLBCI,Au moins 45 jours yako mais la prochaine fois faut décomposer le montant soit par deux ou trois même si c est ta propre banque au moins tu pourras sauver deux tiers du salaire encore yako,je suis un client de la sgci j ai ete debite a tort ce matin dans un guichet de bda cela peut mettre combien de temps pour que je sois en possession des fonds,29-11-2025,Albatros Oumar Dagnogo
29-11-2025,Fatou Sac À Main,OLBCI,Svp puis-je avoir le numero du service client de la Sgci je suis dans le même cas,je suis un client de la sgci j ai ete debite a tort ce matin dans un guichet de bda cela peut mettre combien de temps pour que je sois en possession des fonds,29-11-2025,Albatros Oumar Dagnogo
29-11-2025,Loua Gué,OLBCI,Minimum 45 jours et maximum plusieurs jours,je suis un client de la sgci j ai ete debite a tort ce matin dans un guichet de bda cela peut mettre combien de temps pour que je sois en possession des fonds,29-11-2025,Albatros Oumar Dagnogo
29-11-2025,Brou Vincent Auriol N'dja,OLBCI,Moi c'est 24 h après que je suis rentré en possession de mon dû.,je suis un client de la sgci j ai ete debite a tort ce matin dans un guichet de bda cela peut mettre combien de temps pour que je sois en possession des fonds,29-11-2025,Albatros Oumar Dagnogo
30-11-2025,Albatros Oumar Dagnogo,OLBCI,"Merci de vos conseils,je constate ce matin, que mon débit à tort des 250000 qui devrait être prises en compte au soir de ce 29-11-2025 selon SGCI connect est encore en cours de validation pour 01-12-2025 or . Par conséquent les opérations caisses que j' ai effectué ont été validé.",je suis un client de la sgci j ai ete debite a tort ce matin dans un guichet de bda cela peut mettre combien de temps pour que je sois en possession des fonds,29-11-2025,Albatros Oumar Dagnogo
29-11-2025,Prospérité Marina Mawa Diabate,OLBCI,45 jrs maximum le montant pourra être restitué avant. Fait juste une réclamation via le QR code dans les DAB de le general ou au 2720201010 vous aurez gain de cause,je suis un client de la sgci j ai ete debite a tort ce matin dans un guichet de bda cela peut mettre combien de temps pour que je sois en possession des fonds,29-11-2025,Albatros Oumar Dagnogo
30-11-2025,Kalé Lucie,OLBCI,Moi Jai eu un souci pareil.,je suis un client de la sgci j ai ete debite a tort ce matin dans un guichet de bda cela peut mettre combien de temps pour que je sois en possession des fonds,29-11-2025,Albatros Oumar Dagnogo
29-11-2025,Pierre Claver Adje,OLBCI,Au bout de trois semaines le mien a été restitué alors qu'à la réclamation ils m'ont au moins 45 jours.,je suis un client de la sgci j ai ete debite a tort ce matin dans un guichet de bda cela peut mettre combien de temps pour que je sois en possession des fonds,29-11-2025,Albatros Oumar Dagnogo
01-12-2025,Blanche Marcelle Atchou,OLBCI,C’est 45 jours minimum pour un débit à tord d’une banque à une autre,je suis un client de la sgci j ai ete debite a tort ce matin dans un guichet de bda cela peut mettre combien de temps pour que je sois en possession des fonds,29-11-2025,Albatros Oumar Dagnogo
29-11-2025,Malé Shama Gogbé,OLBCI,Juste 24 h,je suis un client de la sgci j ai ete debite a tort ce matin dans un guichet de bda cela peut mettre combien de temps pour que je sois en possession des fonds,29-11-2025,Albatros Oumar Dagnogo
29-11-2025,Landry Yaha,OLBCI,45 jours ouvrés maximum.,je suis un client de la sgci j ai ete debite a tort ce matin dans un guichet de bda cela peut mettre combien de temps pour que je sois en possession des fonds,29-11-2025,Albatros Oumar Dagnogo
29-11-2025,Maman de Kokemien,OLBCI,Tout au plus une semaine....sinon parfois c'est 24h,je suis un client de la sgci j ai ete debite a tort ce matin dans un guichet de bda cela peut mettre combien de temps pour que je sois en possession des fonds,29-11-2025,Albatros Oumar Dagnogo
29-11-2025,Tawakaltou Ala Llaha,OLBCI,Il n'y a hélas pas de date au plus tard. Je suis dans ce cas depuis bientôt 02 ans.,je suis un client de la sgci j ai ete debite a tort ce matin dans un guichet de bda cela peut mettre combien de temps pour que je sois en possession des fonds,29-11-2025,Albatros Oumar Dagnogo
30-11-2025,Tiecoura Keita,OLBCI,45 jours ouvrés,je suis un client de la sgci j ai ete debite a tort ce matin dans un guichet de bda cela peut mettre combien de temps pour que je sois en possession des fonds,29-11-2025,Albatros Oumar Dagnogo
29-11-2025,Doumoua Bangaly,OLBCI,45 jours ouvrés. C'est à dire du lundi au vendredi. Sans compter samedi et dimanche,je suis un client de la sgci j ai ete debite a tort ce matin dans un guichet de bda cela peut mettre combien de temps pour que je sois en possession des fonds,29-11-2025,Albatros Oumar Dagnogo
29-11-2025,Ziriga Kevin Gersend,OLBCI,"En décembre tu seras riche , salaire de décembre + novembre",je suis un client de la sgci j ai ete debite a tort ce matin dans un guichet de bda cela peut mettre combien de temps pour que je sois en possession des fonds,29-11-2025,Albatros Oumar Dagnogo
29-11-2025,Michael Seh,OLBCI,Moi à la sib j'ai eu la même situation au guichet Baci Assia et j'ai fais la réclamation depuis le 29/09/2025.A la sib Daloa jusque-là rien je ne sais plus que faire,je suis un client de la sgci j ai ete debite a tort ce matin dans un guichet de bda cela peut mettre combien de temps pour que je sois en possession des fonds,29-11-2025,Albatros Oumar Dagnogo
29-11-2025,Adama Sylla,OLBCI,Pourquoi c'est devenu si fréquent ?,je suis un client de la sgci j ai ete debite a tort ce matin dans un guichet de bda cela peut mettre combien de temps pour que je sois en possession des fonds,29-11-2025,Albatros Oumar Dagnogo
29-11-2025,François Chonou,OLBCI,45jrs,je suis un client de la sgci j ai ete debite a tort ce matin dans un guichet de bda cela peut mettre combien de temps pour que je sois en possession des fonds,29-11-2025,Albatros Oumar Dagnogo
30-11-2025,Anjako Thierry,OLBCI,Bonne chance !,je suis un client de la sgci j ai ete debite a tort ce matin dans un guichet de bda cela peut mettre combien de temps pour que je sois en possession des fonds,29-11-2025,Albatros Oumar Dagnogo
29-11-2025,Venance Foua Bi,OLBCI,1 mois,je suis un client de la sgci j ai ete debite a tort ce matin dans un guichet de bda cela peut mettre combien de temps pour que je sois en possession des fonds,29-11-2025,Albatros Oumar Dagnogo
01-12-2025,Juste LeDoya,OLBCI,Ne faites plus de retrait en dehors des Gab Sgci.,je suis un client de la sgci j ai ete debite a tort ce matin dans un guichet de bda cela peut mettre combien de temps pour que je sois en possession des fonds,29-11-2025,Albatros Oumar Dagnogo
29-11-2025,Anne Marie Amemou,OLBCI,45jours ouvrables,je suis un client de la sgci j ai ete debite a tort ce matin dans un guichet de bda cela peut mettre combien de temps pour que je sois en possession des fonds,29-11-2025,Albatros Oumar Dagnogo
30-11-2025,Namory Coul,OLBCI,Faut appeler ou envoyer un mail à ta banque,je suis un client de la sgci j ai ete debite a tort ce matin dans un guichet de bda cela peut mettre combien de temps pour que je sois en possession des fonds,29-11-2025,Albatros Oumar Dagnogo
01-12-2025,Albatros Oumar Dagnogo,OLBCI,Société Générale Côte d’Ivoire,je suis un client de la sgci j ai ete debite a tort ce matin dans un guichet de bda cela peut mettre combien de temps pour que je sois en possession des fonds,29-11-2025,Albatros Oumar Dagnogo
01-12-2025,Konan Louis Mblawa,OLBCI,15 jours minimum mais appel le centre appel,je suis un client de la sgci j ai ete debite a tort ce matin dans un guichet de bda cela peut mettre combien de temps pour que je sois en possession des fonds,29-11-2025,Albatros Oumar Dagnogo
30-11-2025,Tonga Sandeu Charles,OLBCI,1mois 15jours voire 60jours,je suis un client de la sgci j ai ete debite a tort ce matin dans un guichet de bda cela peut mettre combien de temps pour que je sois en possession des fonds,29-11-2025,Albatros Oumar Dagnogo
30-11-2025,Arlette Niamian,OLBCI,45 jrs,je suis un client de la sgci j ai ete debite a tort ce matin dans un guichet de bda cela peut mettre combien de temps pour que je sois en possession des fonds,29-11-2025,Albatros Oumar Dagnogo
29-11-2025,Luc Sylvestre Amako,OLBCI,24 heures,je suis un client de la sgci j ai ete debite a tort ce matin dans un guichet de bda cela peut mettre combien de temps pour que je sois en possession des fonds,29-11-2025,Albatros Oumar Dagnogo
29-11-2025,Makoya Bafing,OLBCI,45 jours ouvrables,je suis un client de la sgci j ai ete debite a tort ce matin dans un guichet de bda cela peut mettre combien de temps pour que je sois en possession des fonds,29-11-2025,Albatros Oumar Dagnogo
01-12-2025,Reine Elisabeth Gnolou,OLBCI,J'en es vécu ton argent va arriver faute calmer,bonsoir famille apres un probleme de suspension de salaire pendant 4 mois tout est rentre dans lordre et largent a ete reverse a la solde jai retire les differents bons de caisses pour deposer au tresor depuis le 22 octobre 2025 les virements ont ete fais le 26 novembre sgci mais largent nest pas encore tomber a pas le salaire de novembre jappelle le tresor le 26 novembre on me dit fin novembre jaimerais savoir si quelquun a deja vecu ce probleme ou a une idee de la disponibilite de largent sur le compte merci,01-12-2025,Mahan Autorité
01-12-2025,Mahan Autorité,OLBCI,"Reine Elisabeth Gnolou
Ok je voulais savoir si sa durrr",bonsoir famille apres un probleme de suspension de salaire pendant 4 mois tout est rentre dans lordre et largent a ete reverse a la solde jai retire les differents bons de caisses pour deposer au tresor depuis le 22 octobre 2025 les virements ont ete fais le 26 novembre sgci mais largent nest pas encore tomber a pas le salaire de novembre jappelle le tresor le 26 novembre on me dit fin novembre jaimerais savoir si quelquun a deja vecu ce probleme ou a une idee de la disponibilite de largent sur le compte merci,01-12-2025,Mahan Autorité
01-12-2025,Mahan Autorité,OLBCI,"Reine Elisabeth Gnolou
comme j'ai déposé depuis le 22 octobre j'ai crue avoir en novembre. J'ai un programme je compte dessus gagaaa",bonsoir famille apres un probleme de suspension de salaire pendant 4 mois tout est rentre dans lordre et largent a ete reverse a la solde jai retire les differents bons de caisses pour deposer au tresor depuis le 22 octobre 2025 les virements ont ete fais le 26 novembre sgci mais largent nest pas encore tomber a pas le salaire de novembre jappelle le tresor le 26 novembre on me dit fin novembre jaimerais savoir si quelquun a deja vecu ce probleme ou a une idee de la disponibilite de largent sur le compte merci,01-12-2025,Mahan Autorité
01-12-2025,Stelyne Kouame,OLBCI,C'est au trésor de quel commune ou ville que vous avez déposé ?,bonsoir famille apres un probleme de suspension de salaire pendant 4 mois tout est rentre dans lordre et largent a ete reverse a la solde jai retire les differents bons de caisses pour deposer au tresor depuis le 22 octobre 2025 les virements ont ete fais le 26 novembre sgci mais largent nest pas encore tomber a pas le salaire de novembre jappelle le tresor le 26 novembre on me dit fin novembre jaimerais savoir si quelquun a deja vecu ce probleme ou a une idee de la disponibilite de largent sur le compte merci,01-12-2025,Mahan Autorité
01-12-2025,Mahan Autorité,OLBCI,"Stelyne Kouame
Korhogo",bonsoir famille apres un probleme de suspension de salaire pendant 4 mois tout est rentre dans lordre et largent a ete reverse a la solde jai retire les differents bons de caisses pour deposer au tresor depuis le 22 octobre 2025 les virements ont ete fais le 26 novembre sgci mais largent nest pas encore tomber a pas le salaire de novembre jappelle le tresor le 26 novembre on me dit fin novembre jaimerais savoir si quelquun a deja vecu ce probleme ou a une idee de la disponibilite de largent sur le compte merci,01-12-2025,Mahan Autorité
01-12-2025,Moses Kouame,OLBCI,Fin décembre tu auras c'est un décalage l'argent n'aime pas le bruit,bonsoir famille apres un probleme de suspension de salaire pendant 4 mois tout est rentre dans lordre et largent a ete reverse a la solde jai retire les differents bons de caisses pour deposer au tresor depuis le 22 octobre 2025 les virements ont ete fais le 26 novembre sgci mais largent nest pas encore tomber a pas le salaire de novembre jappelle le tresor le 26 novembre on me dit fin novembre jaimerais savoir si quelquun a deja vecu ce probleme ou a une idee de la disponibilite de largent sur le compte merci,01-12-2025,Mahan Autorité
01-12-2025,Mahan Autorité,OLBCI,"Moses Kouame
hum ok",bonsoir famille apres un probleme de suspension de salaire pendant 4 mois tout est rentre dans lordre et largent a ete reverse a la solde jai retire les differents bons de caisses pour deposer au tresor depuis le 22 octobre 2025 les virements ont ete fais le 26 novembre sgci mais largent nest pas encore tomber a pas le salaire de novembre jappelle le tresor le 26 novembre on me dit fin novembre jaimerais savoir si quelquun a deja vecu ce probleme ou a une idee de la disponibilite de largent sur le compte merci,01-12-2025,Mahan Autorité
28-11-2025,Biossio Didier,OLBCI,500 &. PLUS. DANS LES BANQUES CONFRÈRES EN FONCTION DU MONTANT DE RETRAIT. AVEC LA CARTE SGCI. VISA.,a combien est facture un retrait dans une autre banque avec une carte visa sgci,27-11-2025,Mamadou Costner Dosso
28-11-2025,Julieprudence Adou,OLBCI,Ce n'est pas prudent de faire un retrait dans une autre banque oooh g sais de quoi je parle,a combien est facture un retrait dans une autre banque avec une carte visa sgci,27-11-2025,Mamadou Costner Dosso
28-11-2025,Djamla Koffi Marius,OLBCI,"En tout cas wave est la solution, depuis j'ai lié mon compte courant à mon compte wave, je dors tranquille quelque soit l'endroit où je me trouve",a combien est facture un retrait dans une autre banque avec une carte visa sgci,27-11-2025,Mamadou Costner Dosso
28-11-2025,Yao Adrien Koffi,OLBCI,Si j'ai bonne mémoire c'est 500 fcfa,a combien est facture un retrait dans une autre banque avec une carte visa sgci,27-11-2025,Mamadou Costner Dosso
28-11-2025,N'guessan Léon Kouadio,OLBCI,500f seulement,a combien est facture un retrait dans une autre banque avec une carte visa sgci,27-11-2025,Mamadou Costner Dosso
28-11-2025,Moussa Ouattara,OLBCI,500 pour chaque retrait,a combien est facture un retrait dans une autre banque avec une carte visa sgci,27-11-2025,Mamadou Costner Dosso
29-11-2025,Kalohoue Elvis,OLBCI,"Va dans les GAB de ta banque, sinon en cas de débit à tort, tu vas lire l'heure",a combien est facture un retrait dans une autre banque avec une carte visa sgci,27-11-2025,Mamadou Costner Dosso
29-11-2025,Mariam Sanogo,OLBCI,Svp c'est combien l'agio à NSIA BANQUE,a combien est facture un retrait dans une autre banque avec une carte visa sgci,27-11-2025,Mamadou Costner Dosso
27-11-2025,Koffi Kangah Fulgence,OLBCI,Hummmmm je préfère ne rien dire,a combien est facture un retrait dans une autre banque avec une carte visa sgci,27-11-2025,Mamadou Costner Dosso
28-11-2025,Tenin Traore,OLBCI,Entre 500F-1000F.,a combien est facture un retrait dans une autre banque avec une carte visa sgci,27-11-2025,Mamadou Costner Dosso
28-11-2025,Gérard Koffi,OLBCI,500fcfa,a combien est facture un retrait dans une autre banque avec une carte visa sgci,27-11-2025,Mamadou Costner Dosso
28-11-2025,Cooky Peggy,OLBCI,500 FCFA,a combien est facture un retrait dans une autre banque avec une carte visa sgci,27-11-2025,Mamadou Costner Dosso
28-11-2025,Ibrahima Soumahoro,OLBCI,2500,a combien est facture un retrait dans une autre banque avec une carte visa sgci,27-11-2025,Mamadou Costner Dosso
28-11-2025,Mickael Srandan,OLBCI,500,a combien est facture un retrait dans une autre banque avec une carte visa sgci,27-11-2025,Mamadou Costner Dosso
28-11-2025,Kouande Jules Kouame,OLBCI,500 FCFA si le compte est domicilié en ci,a combien est facture un retrait dans une autre banque avec une carte visa sgci,27-11-2025,Mamadou Costner Dosso
28-11-2025,Esmel Bedi,OLBCI,500,a combien est facture un retrait dans une autre banque avec une carte visa sgci,27-11-2025,Mamadou Costner Dosso
28-11-2025,Coulibaly Adi,OLBCI,499~500,a combien est facture un retrait dans une autre banque avec une carte visa sgci,27-11-2025,Mamadou Costner Dosso
28-11-2025,Esther Diby,OLBCI,Je pensse que cest 500 heinn,a combien est facture un retrait dans une autre banque avec une carte visa sgci,27-11-2025,Mamadou Costner Dosso
28-11-2025,Tieu Eric,OLBCI,Mon frère faut choisir wave,a combien est facture un retrait dans une autre banque avec une carte visa sgci,27-11-2025,Mamadou Costner Dosso
29-11-2025,Clay'Girandoux Asseu,OLBCI,500 FCFA,a combien est facture un retrait dans une autre banque avec une carte visa sgci,27-11-2025,Mamadou Costner Dosso
28-11-2025,Mano Bede,OLBCI,500,a combien est facture un retrait dans une autre banque avec une carte visa sgci,27-11-2025,Mamadou Costner Dosso
28-11-2025,Lena Lynn,OLBCI,550,a combien est facture un retrait dans une autre banque avec une carte visa sgci,27-11-2025,Mamadou Costner Dosso
28-11-2025,Nadège Bha,OLBCI,500,a combien est facture un retrait dans une autre banque avec une carte visa sgci,27-11-2025,Mamadou Costner Dosso
28-11-2025,Vassindou Sind Bakayoko,OLBCI,500,a combien est facture un retrait dans une autre banque avec une carte visa sgci,27-11-2025,Mamadou Costner Dosso
28-11-2025,Dahiri An Godji,OLBCI,500,a combien est facture un retrait dans une autre banque avec une carte visa sgci,27-11-2025,Mamadou Costner Dosso
29-11-2025,Jean Paul Adigra Yapi,OLBCI,"Il faut aller t'asseoir devant ta gestionnaire de 08h jusqu'à 18h , on va voir si tu n'auras ces documents.",bonsoir famille jaimerais savoir combien de temps faut il a la sgbci de me remettre mon certificat de non redevance et ma cloture de compte cest important pour moi de le savoir svp,29-11-2025,Salomé Ange
01-12-2025,Jean Luc Konan,OLBCI,"Jean Paul Adigra Yapi
vraiment",bonsoir famille jaimerais savoir combien de temps faut il a la sgbci de me remettre mon certificat de non redevance et ma cloture de compte cest important pour moi de le savoir svp,29-11-2025,Salomé Ange
29-11-2025,Francklin Khimany,OLBCI,Tout dépend de ta détermination,bonsoir famille jaimerais savoir combien de temps faut il a la sgbci de me remettre mon certificat de non redevance et ma cloture de compte cest important pour moi de le savoir svp,29-11-2025,Salomé Ange
27-11-2025,Esperance Appoh,OLBCI,Yako a vous,sgci coup de gueule jai recu un virement exterieur usa enfin recu selon la banque emettrice parce quelle au moins repond tres tres vite selon elle la sgci a accuse reception le 07112025 mais mon compte jusqualors nest toujours pas credite alors commence le parcours du combattant agence on a transmis au siege patientez siege allez aux transferts internationaux transferts internationaux cest pas nous retournez voir votre gestionnaire siege bis allez au 6e etage 6e etage interdit dentrer appelez le numero 27 20 20 10 10 numero nous allons remonter linformation et puis plus rien silence radio neant cest au ciel que linformation remonte sgci soyez serieux un peu le client que je suis est fatigue mais vraiment,27-11-2025,Angoua Jean Jacques Tano
27-11-2025,Yaya Konaté,OLBCI,Yako cher collègue. Banques de Côte d'Ivoire,sgci coup de gueule jai recu un virement exterieur usa enfin recu selon la banque emettrice parce quelle au moins repond tres tres vite selon elle la sgci a accuse reception le 07112025 mais mon compte jusqualors nest toujours pas credite alors commence le parcours du combattant agence on a transmis au siege patientez siege allez aux transferts internationaux transferts internationaux cest pas nous retournez voir votre gestionnaire siege bis allez au 6e etage 6e etage interdit dentrer appelez le numero 27 20 20 10 10 numero nous allons remonter linformation et puis plus rien silence radio neant cest au ciel que linformation remonte sgci soyez serieux un peu le client que je suis est fatigue mais vraiment,27-11-2025,Angoua Jean Jacques Tano
28-11-2025,Chrétien Pèlerin,OLBCI,"Demande à l'expéditeur de faire une oppositiona sa banque , c'est à dire, réclamer le retour des fonds. Et vous cherchez un autre moyen pour que tu reçoive s",sgci coup de gueule jai recu un virement exterieur usa enfin recu selon la banque emettrice parce quelle au moins repond tres tres vite selon elle la sgci a accuse reception le 07112025 mais mon compte jusqualors nest toujours pas credite alors commence le parcours du combattant agence on a transmis au siege patientez siege allez aux transferts internationaux transferts internationaux cest pas nous retournez voir votre gestionnaire siege bis allez au 6e etage 6e etage interdit dentrer appelez le numero 27 20 20 10 10 numero nous allons remonter linformation et puis plus rien silence radio neant cest au ciel que linformation remonte sgci soyez serieux un peu le client que je suis est fatigue mais vraiment,27-11-2025,Angoua Jean Jacques Tano
28-11-2025,Épervier Louis,OLBCI,Je vous conseille de faire juste un scandale ça sera vite fait car ils n'aiment pas ça.,sgci coup de gueule jai recu un virement exterieur usa enfin recu selon la banque emettrice parce quelle au moins repond tres tres vite selon elle la sgci a accuse reception le 07112025 mais mon compte jusqualors nest toujours pas credite alors commence le parcours du combattant agence on a transmis au siege patientez siege allez aux transferts internationaux transferts internationaux cest pas nous retournez voir votre gestionnaire siege bis allez au 6e etage 6e etage interdit dentrer appelez le numero 27 20 20 10 10 numero nous allons remonter linformation et puis plus rien silence radio neant cest au ciel que linformation remonte sgci soyez serieux un peu le client que je suis est fatigue mais vraiment,27-11-2025,Angoua Jean Jacques Tano
29-11-2025,Charlène Ehouman,OLBCI,La SGCI est une Banque suicidaire,sgci coup de gueule jai recu un virement exterieur usa enfin recu selon la banque emettrice parce quelle au moins repond tres tres vite selon elle la sgci a accuse reception le 07112025 mais mon compte jusqualors nest toujours pas credite alors commence le parcours du combattant agence on a transmis au siege patientez siege allez aux transferts internationaux transferts internationaux cest pas nous retournez voir votre gestionnaire siege bis allez au 6e etage 6e etage interdit dentrer appelez le numero 27 20 20 10 10 numero nous allons remonter linformation et puis plus rien silence radio neant cest au ciel que linformation remonte sgci soyez serieux un peu le client que je suis est fatigue mais vraiment,27-11-2025,Angoua Jean Jacques Tano
28-11-2025,Clement Tano,OLBCI,"Serif Tall
c'est de toi seul les gens ont peur dans pays là. Viens nous aider oh pardon",sgci coup de gueule jai recu un virement exterieur usa enfin recu selon la banque emettrice parce quelle au moins repond tres tres vite selon elle la sgci a accuse reception le 07112025 mais mon compte jusqualors nest toujours pas credite alors commence le parcours du combattant agence on a transmis au siege patientez siege allez aux transferts internationaux transferts internationaux cest pas nous retournez voir votre gestionnaire siege bis allez au 6e etage 6e etage interdit dentrer appelez le numero 27 20 20 10 10 numero nous allons remonter linformation et puis plus rien silence radio neant cest au ciel que linformation remonte sgci soyez serieux un peu le client que je suis est fatigue mais vraiment,27-11-2025,Angoua Jean Jacques Tano
28-11-2025,Jcb Sici Khun,OLBCI,Il faut te renseigner un peu auprès de ta banque. Depuis quelques mois un nouveau dispositif de l'UEMOA anti blanchiment d'argent a soumis les transferts internationaux à une autorisation. J'ignore concrètement comment cette autorisation est accordée mais c'est le cas. Il faut privilégier les agences classiques de transfert ou le troc,sgci coup de gueule jai recu un virement exterieur usa enfin recu selon la banque emettrice parce quelle au moins repond tres tres vite selon elle la sgci a accuse reception le 07112025 mais mon compte jusqualors nest toujours pas credite alors commence le parcours du combattant agence on a transmis au siege patientez siege allez aux transferts internationaux transferts internationaux cest pas nous retournez voir votre gestionnaire siege bis allez au 6e etage 6e etage interdit dentrer appelez le numero 27 20 20 10 10 numero nous allons remonter linformation et puis plus rien silence radio neant cest au ciel que linformation remonte sgci soyez serieux un peu le client que je suis est fatigue mais vraiment,27-11-2025,Angoua Jean Jacques Tano
29-11-2025,Abdel Fof,OLBCI,C'est pas mieux on va aller en gbonhi là-bas avec des éléments incontrôlés comme moi pour régler ce petit problème chap chap.,sgci coup de gueule jai recu un virement exterieur usa enfin recu selon la banque emettrice parce quelle au moins repond tres tres vite selon elle la sgci a accuse reception le 07112025 mais mon compte jusqualors nest toujours pas credite alors commence le parcours du combattant agence on a transmis au siege patientez siege allez aux transferts internationaux transferts internationaux cest pas nous retournez voir votre gestionnaire siege bis allez au 6e etage 6e etage interdit dentrer appelez le numero 27 20 20 10 10 numero nous allons remonter linformation et puis plus rien silence radio neant cest au ciel que linformation remonte sgci soyez serieux un peu le client que je suis est fatigue mais vraiment,27-11-2025,Angoua Jean Jacques Tano
27-11-2025,Souleymane Cyrille Comara,OLBCI,En fin d'année ya trop de marmaille dans leur affaire la,sgci coup de gueule jai recu un virement exterieur usa enfin recu selon la banque emettrice parce quelle au moins repond tres tres vite selon elle la sgci a accuse reception le 07112025 mais mon compte jusqualors nest toujours pas credite alors commence le parcours du combattant agence on a transmis au siege patientez siege allez aux transferts internationaux transferts internationaux cest pas nous retournez voir votre gestionnaire siege bis allez au 6e etage 6e etage interdit dentrer appelez le numero 27 20 20 10 10 numero nous allons remonter linformation et puis plus rien silence radio neant cest au ciel que linformation remonte sgci soyez serieux un peu le client que je suis est fatigue mais vraiment,27-11-2025,Angoua Jean Jacques Tano
28-11-2025,Clement Tano,OLBCI,#Sgci,sgci coup de gueule jai recu un virement exterieur usa enfin recu selon la banque emettrice parce quelle au moins repond tres tres vite selon elle la sgci a accuse reception le 07112025 mais mon compte jusqualors nest toujours pas credite alors commence le parcours du combattant agence on a transmis au siege patientez siege allez aux transferts internationaux transferts internationaux cest pas nous retournez voir votre gestionnaire siege bis allez au 6e etage 6e etage interdit dentrer appelez le numero 27 20 20 10 10 numero nous allons remonter linformation et puis plus rien silence radio neant cest au ciel que linformation remonte sgci soyez serieux un peu le client que je suis est fatigue mais vraiment,27-11-2025,Angoua Jean Jacques Tano
28-11-2025,Kouassi Serge Frédéric,OLBCI,Oh lalala,sgci coup de gueule jai recu un virement exterieur usa enfin recu selon la banque emettrice parce quelle au moins repond tres tres vite selon elle la sgci a accuse reception le 07112025 mais mon compte jusqualors nest toujours pas credite alors commence le parcours du combattant agence on a transmis au siege patientez siege allez aux transferts internationaux transferts internationaux cest pas nous retournez voir votre gestionnaire siege bis allez au 6e etage 6e etage interdit dentrer appelez le numero 27 20 20 10 10 numero nous allons remonter linformation et puis plus rien silence radio neant cest au ciel que linformation remonte sgci soyez serieux un peu le client que je suis est fatigue mais vraiment,27-11-2025,Angoua Jean Jacques Tano
28-11-2025,Jeannoel Rabe,OLBCI,Y'a pas une tantie pkapkato dans votre quartier ajoute 2 enfants dessus et rends toi au siège vers 11 h et commencer les pleurs je te donne 30 minutes c'est propre ne me remercie pas,sgci coup de gueule jai recu un virement exterieur usa enfin recu selon la banque emettrice parce quelle au moins repond tres tres vite selon elle la sgci a accuse reception le 07112025 mais mon compte jusqualors nest toujours pas credite alors commence le parcours du combattant agence on a transmis au siege patientez siege allez aux transferts internationaux transferts internationaux cest pas nous retournez voir votre gestionnaire siege bis allez au 6e etage 6e etage interdit dentrer appelez le numero 27 20 20 10 10 numero nous allons remonter linformation et puis plus rien silence radio neant cest au ciel que linformation remonte sgci soyez serieux un peu le client que je suis est fatigue mais vraiment,27-11-2025,Angoua Jean Jacques Tano
28-11-2025,Général Bagwell,OLBCI,Apprenez à utiliser les cryptomonnaies. Même 20.000$ tu vas recevoir ça en quelques secondes.,sgci coup de gueule jai recu un virement exterieur usa enfin recu selon la banque emettrice parce quelle au moins repond tres tres vite selon elle la sgci a accuse reception le 07112025 mais mon compte jusqualors nest toujours pas credite alors commence le parcours du combattant agence on a transmis au siege patientez siege allez aux transferts internationaux transferts internationaux cest pas nous retournez voir votre gestionnaire siege bis allez au 6e etage 6e etage interdit dentrer appelez le numero 27 20 20 10 10 numero nous allons remonter linformation et puis plus rien silence radio neant cest au ciel que linformation remonte sgci soyez serieux un peu le client que je suis est fatigue mais vraiment,27-11-2025,Angoua Jean Jacques Tano
27-11-2025,Attoh Walah,OLBCI,Qu'est ce qu'ils font réellement avec les devises de leurs clients ? Plus de 20 jours pour régler une transaction internationale. C'est abusé...,sgci coup de gueule jai recu un virement exterieur usa enfin recu selon la banque emettrice parce quelle au moins repond tres tres vite selon elle la sgci a accuse reception le 07112025 mais mon compte jusqualors nest toujours pas credite alors commence le parcours du combattant agence on a transmis au siege patientez siege allez aux transferts internationaux transferts internationaux cest pas nous retournez voir votre gestionnaire siege bis allez au 6e etage 6e etage interdit dentrer appelez le numero 27 20 20 10 10 numero nous allons remonter linformation et puis plus rien silence radio neant cest au ciel que linformation remonte sgci soyez serieux un peu le client que je suis est fatigue mais vraiment,27-11-2025,Angoua Jean Jacques Tano
28-11-2025,Cyrille Zatchi,OLBCI,Nos banques doivent vraiment améliorer leur service c’est énervant ça.,sgci coup de gueule jai recu un virement exterieur usa enfin recu selon la banque emettrice parce quelle au moins repond tres tres vite selon elle la sgci a accuse reception le 07112025 mais mon compte jusqualors nest toujours pas credite alors commence le parcours du combattant agence on a transmis au siege patientez siege allez aux transferts internationaux transferts internationaux cest pas nous retournez voir votre gestionnaire siege bis allez au 6e etage 6e etage interdit dentrer appelez le numero 27 20 20 10 10 numero nous allons remonter linformation et puis plus rien silence radio neant cest au ciel que linformation remonte sgci soyez serieux un peu le client que je suis est fatigue mais vraiment,27-11-2025,Angoua Jean Jacques Tano
28-11-2025,David Kouassi,OLBCI,Des voyous.,sgci coup de gueule jai recu un virement exterieur usa enfin recu selon la banque emettrice parce quelle au moins repond tres tres vite selon elle la sgci a accuse reception le 07112025 mais mon compte jusqualors nest toujours pas credite alors commence le parcours du combattant agence on a transmis au siege patientez siege allez aux transferts internationaux transferts internationaux cest pas nous retournez voir votre gestionnaire siege bis allez au 6e etage 6e etage interdit dentrer appelez le numero 27 20 20 10 10 numero nous allons remonter linformation et puis plus rien silence radio neant cest au ciel que linformation remonte sgci soyez serieux un peu le client que je suis est fatigue mais vraiment,27-11-2025,Angoua Jean Jacques Tano
27-11-2025,Tycia Nguessan,OLBCI,Non c'est impossible à la SGCI,avec un salaire de 320mil est ce possible a la banque sgbci doctroyer un pret de 10millions,23-11-2025,Alloh Axel
27-11-2025,Onction Divine,OLBCI,Pour un prêt scolaire de 300000 ça fait plus d'un an que je paie seulement fhum,avec un salaire de 320mil est ce possible a la banque sgbci doctroyer un pret de 10millions,23-11-2025,Alloh Axel
30-11-2025,L' enfant de KANI,OLBCI,Moi j'ai un salaire de 350 000 f et ils m'ont donné 9000000f,avec un salaire de 320mil est ce possible a la banque sgbci doctroyer un pret de 10millions,23-11-2025,Alloh Axel
27-11-2025,Jean Noël Kougbo,OLBCI,Même 7 milliards tu peux avoir,avec un salaire de 320mil est ce possible a la banque sgbci doctroyer un pret de 10millions,23-11-2025,Alloh Axel
26-11-2025,Laisse Edite Kouassi,OLBCI,Non peut être 5 à 6 millions pour 7 ans,avec un salaire de 320mil est ce possible a la banque sgbci doctroyer un pret de 10millions,23-11-2025,Alloh Axel
27-11-2025,Lia Gnan Ferdinand,OLBCI,NON,avec un salaire de 320mil est ce possible a la banque sgbci doctroyer un pret de 10millions,23-11-2025,Alloh Axel
26-11-2025,Francky La Merveille,OLBCI,Jahinnn,avec un salaire de 320mil est ce possible a la banque sgbci doctroyer un pret de 10millions,23-11-2025,Alloh Axel
26-11-2025,Henri Gnaze,OLBCI,Si tu prends,avec un salaire de 320mil est ce possible a la banque sgbci doctroyer un pret de 10millions,23-11-2025,Alloh Axel
27-11-2025,L' enfant de KANI,OLBCI,Tu veux avoir AVC + crise cardiaque en même temps ?,avec un salaire de 320mil est ce possible a la banque sgbci doctroyer un pret de 10millions,23-11-2025,Alloh Axel
27-11-2025,Anicet Kossa,OLBCI,"Même avec d'autre banque, c'est impossible.",avec un salaire de 320mil est ce possible a la banque sgbci doctroyer un pret de 10millions,23-11-2025,Alloh Axel
28-11-2025,Jeanpaul Foba Foba,OLBCI,Fonction du taux,avec un salaire de 320mil est ce possible a la banque sgbci doctroyer un pret de 10millions,23-11-2025,Alloh Axel
25-11-2025,Merveilles Des Bons Vents,OLBCI,Salaire n'est pas affaires,avec un salaire de 320mil est ce possible a la banque sgbci doctroyer un pret de 10millions,23-11-2025,Alloh Axel
28-11-2025,Marc Philippe Guary,OLBCI,"Même bedou magique, il va pas te donner..",avec un salaire de 320mil est ce possible a la banque sgbci doctroyer un pret de 10millions,23-11-2025,Alloh Axel
27-11-2025,Ouolli Gustave Koné,OLBCI,Seulement que tu liras l'heure,avec un salaire de 320mil est ce possible a la banque sgbci doctroyer un pret de 10millions,23-11-2025,Alloh Axel
27-11-2025,Ouolli Gustave Koné,OLBCI,Oui,avec un salaire de 320mil est ce possible a la banque sgbci doctroyer un pret de 10millions,23-11-2025,Alloh Axel
28-11-2025,Magbli Guillaume Samy,OLBCI,Faut être au moins à 400K,avec un salaire de 320mil est ce possible a la banque sgbci doctroyer un pret de 10millions,23-11-2025,Alloh Axel
01-12-2025,Kadjo Sylvanus,OLBCI,"Crédit de 15 millions sur 8 ans
tchiaaaa",avec un salaire de 320mil est ce possible a la banque sgbci doctroyer un pret de 10millions,23-11-2025,Alloh Axel
27-11-2025,Guy Claver Fagnan,OLBCI,Non,avec un salaire de 320mil est ce possible a la banque sgbci doctroyer un pret de 10millions,23-11-2025,Alloh Axel
27-11-2025,Kouassi Koffi Justin,OLBCI,Pour 10 millions tu vas rembourser 15 millions,avec un salaire de 320mil est ce possible a la banque sgbci doctroyer un pret de 10millions,23-11-2025,Alloh Axel
29-11-2025,William Ble,OLBCI,Jamais mon collègue,avec un salaire de 320mil est ce possible a la banque sgbci doctroyer un pret de 10millions,23-11-2025,Alloh Axel
26-11-2025,Djamal Sidibé,OLBCI,Le plafond sera de 8 millions à rembourser pendant 7 ans.,avec un salaire de 320mil est ce possible a la banque sgbci doctroyer un pret de 10millions,23-11-2025,Alloh Axel
26-11-2025,Metobin Kone,OLBCI,Même avec 1Million comme salaire ils vont pas te donner 10Millions,avec un salaire de 320mil est ce possible a la banque sgbci doctroyer un pret de 10millions,23-11-2025,Alloh Axel
30-11-2025,LeCypr KC,OLBCI,Hummmm....,avec un salaire de 320mil est ce possible a la banque sgbci doctroyer un pret de 10millions,23-11-2025,Alloh Axel
28-11-2025,Jesus Speaker,OLBCI,LES PRETS BANCAIRES AVEC LE SALAIRE POUR GARANTIE CE N'EST PAS UNE BONNE OPTION..,avec un salaire de 320mil est ce possible a la banque sgbci doctroyer un pret de 10millions,23-11-2025,Alloh Axel
28-11-2025,Kouame Florent Kouadio,OLBCI,8500000 sur 7 ans,avec un salaire de 320mil est ce possible a la banque sgbci doctroyer un pret de 10millions,23-11-2025,Alloh Axel
27-11-2025,Moussa Coulibaly,OLBCI,Les banques font tourner les gens pour leur propre argent,avec un salaire de 320mil est ce possible a la banque sgbci doctroyer un pret de 10millions,23-11-2025,Alloh Axel
01-12-2025,N'vrete Innocent Kouame,OLBCI,Bien sûr,avec un salaire de 320mil est ce possible a la banque sgbci doctroyer un pret de 10millions,23-11-2025,Alloh Axel
26-11-2025,Hermann JM Yao,OLBCI,Tu vas pleurer en riant,avec un salaire de 320mil est ce possible a la banque sgbci doctroyer un pret de 10millions,23-11-2025,Alloh Axel
26-11-2025,Alain Daudie,OLBCI,TRES IMPROBABLE,avec un salaire de 320mil est ce possible a la banque sgbci doctroyer un pret de 10millions,23-11-2025,Alloh Axel
28-11-2025,Stephane Koicy,OLBCI,Jamais !,avec un salaire de 320mil est ce possible a la banque sgbci doctroyer un pret de 10millions,23-11-2025,Alloh Axel
28-11-2025,Kouado Serge La,OLBCI,Même 8.000.000 f ce n'est pas évident.,avec un salaire de 320mil est ce possible a la banque sgbci doctroyer un pret de 10millions,23-11-2025,Alloh Axel
27-11-2025,Michel Ngoran,OLBCI,Jamais,avec un salaire de 320mil est ce possible a la banque sgbci doctroyer un pret de 10millions,23-11-2025,Alloh Axel
30-11-2025,Didier Obre,OLBCI,Vas leur demander!,avec un salaire de 320mil est ce possible a la banque sgbci doctroyer un pret de 10millions,23-11-2025,Alloh Axel
30-11-2025,Allui Daniel,OLBCI,"Même tontine du quartier, même si ton",avec un salaire de 320mil est ce possible a la banque sgbci doctroyer un pret de 10millions,23-11-2025,Alloh Axel
26-11-2025,Ahize Ahize,OLBCI,Tu vas finir de payer quand?,avec un salaire de 320mil est ce possible a la banque sgbci doctroyer un pret de 10millions,23-11-2025,Alloh Axel
26-11-2025,Kouadio Duégué Nicodème,OLBCI,Tu pourras attraper que 7 millions et rembourser 14 millions. Même si ya un petit blé que tu vas prendre a la fin de tout ca.,avec un salaire de 320mil est ce possible a la banque sgbci doctroyer un pret de 10millions,23-11-2025,Alloh Axel
30-11-2025,Elon Diarrassouba,OLBCI,Renseigne toi dans toutes les banques,avec un salaire de 320mil est ce possible a la banque sgbci doctroyer un pret de 10millions,23-11-2025,Alloh Axel
26-11-2025,David Kemonde,OLBCI,Non et non 4 à 6 si ton gestionnaire est compétent,avec un salaire de 320mil est ce possible a la banque sgbci doctroyer un pret de 10millions,23-11-2025,Alloh Axel
29-11-2025,Roland Kaffrouman,OLBCI,Si tu es fonctionnaire de l etat c est possible a afg tu peux aller à 14 bâtons sur 120 mois,avec un salaire de 320mil est ce possible a la banque sgbci doctroyer un pret de 10millions,23-11-2025,Alloh Axel
03-12-2025,Yannick Anoh,OLBCI,C'est comme ça qu'ils sont. S'il attend sans broncher ca va faire des mois. Aucun suivi,bonjour jai un ami qui a fait un remboursement anticipe de son pret cela fait presque 1 mois la generale na pas encore traite son dossier on continue de le prelever quelles sont les voies a suivre merci,03-12-2025,ExcitingChipmunk3151
04-12-2025,Thomas Boti,OLBCI,La situation sera régularisée et il sera rétabli dans ses droits... Pas de panique.,bonjour jai un ami qui a fait un remboursement anticipe de son pret cela fait presque 1 mois la generale na pas encore traite son dossier on continue de le prelever quelles sont les voies a suivre merci,03-12-2025,ExcitingChipmunk3151
03-12-2025,Koffi Kouassi Marius Sébastien,OLBCI,....,bonjour jai un ami qui a fait un remboursement anticipe de son pret cela fait presque 1 mois la generale na pas encore traite son dossier on continue de le prelever quelles sont les voies a suivre merci,03-12-2025,ExcitingChipmunk3151
03-12-2025,Marc Komenan,OLBCI,Actuellement nsia vient de me faire la même chose. Nsia a melangé mon argent du mois pour un retrait d'argent que je n'ai pas reçu. En plus de cela elle remet mon compte à moins.. Je comprends les banques ivoiriennes trop de légèreté et dans ça tu tapes pas fort ton argent vas rester. Si on pouvait donner l'argent de chacun main à main sans l'intermédiaire d'une banque on aurait évité beaucoup de choses.,jai effectue un retrait deplace un debit a tort depuis un guichet bni le 251025 jai fait une reclamation qui a ete pris en compte depuis le 291025 je suis a la sgci aujourdhui je suis allee dans une agence on me dit quon ne voit pas de trace de ma requete alors que jai recu un sms le jour de ma reclamation le 2910 besoin de mon argent sil vous plait voila les fetes de fin dannee merci,03-12-2025,Aguie Jocelyne Epse N'da
03-12-2025,Jean-Paul Sartre,OLBCI,"Marc Komenan
Depuis un certain moment, mon argent ne reste pas en banque, c'est mieux ainsi pour moi...",jai effectue un retrait deplace un debit a tort depuis un guichet bni le 251025 jai fait une reclamation qui a ete pris en compte depuis le 291025 je suis a la sgci aujourdhui je suis allee dans une agence on me dit quon ne voit pas de trace de ma requete alors que jai recu un sms le jour de ma reclamation le 2910 besoin de mon argent sil vous plait voila les fetes de fin dannee merci,03-12-2025,Aguie Jocelyne Epse N'da
03-12-2025,Marc Komenan,OLBCI,Je comprends même pas pourquoi les banques se comportent ainsi.,jai effectue un retrait deplace un debit a tort depuis un guichet bni le 251025 jai fait une reclamation qui a ete pris en compte depuis le 291025 je suis a la sgci aujourdhui je suis allee dans une agence on me dit quon ne voit pas de trace de ma requete alors que jai recu un sms le jour de ma reclamation le 2910 besoin de mon argent sil vous plait voila les fetes de fin dannee merci,03-12-2025,Aguie Jocelyne Epse N'da
03-12-2025,Trhimol Hismael,OLBCI,À l heure de wave et beefree là,jai effectue un retrait deplace un debit a tort depuis un guichet bni le 251025 jai fait une reclamation qui a ete pris en compte depuis le 291025 je suis a la sgci aujourdhui je suis allee dans une agence on me dit quon ne voit pas de trace de ma requete alors que jai recu un sms le jour de ma reclamation le 2910 besoin de mon argent sil vous plait voila les fetes de fin dannee merci,03-12-2025,Aguie Jocelyne Epse N'da
03-12-2025,Jean-Paul Sartre,OLBCI,"Depuis quelques mois, mon argent ne reste plus en banque... J'ai été trop frustré par leur comportement, en général les gestionnaires et même le soi-disant directeur...",jai effectue un retrait deplace un debit a tort depuis un guichet bni le 251025 jai fait une reclamation qui a ete pris en compte depuis le 291025 je suis a la sgci aujourdhui je suis allee dans une agence on me dit quon ne voit pas de trace de ma requete alors que jai recu un sms le jour de ma reclamation le 2910 besoin de mon argent sil vous plait voila les fetes de fin dannee merci,03-12-2025,Aguie Jocelyne Epse N'da
03-12-2025,Aguie Jocelyne Epse N'da,OLBCI,Pffff,jai effectue un retrait deplace un debit a tort depuis un guichet bni le 251025 jai fait une reclamation qui a ete pris en compte depuis le 291025 je suis a la sgci aujourdhui je suis allee dans une agence on me dit quon ne voit pas de trace de ma requete alors que jai recu un sms le jour de ma reclamation le 2910 besoin de mon argent sil vous plait voila les fetes de fin dannee merci,03-12-2025,Aguie Jocelyne Epse N'da
05-12-2025,Ohouo Georges Achi,OLBCI,"Répondez,moi même je suis concerné",bonsoir a tous svp combien de jours dattente pour la mise a disposition des fonds apres la resiliation de lassurance prz alliance de sgci ,05-12-2025,Hans Ryder
05-12-2025,Konan Dominique Kouakou,OLBCI,3 mois bien compté,bonsoir a tous svp combien de jours dattente pour la mise a disposition des fonds apres la resiliation de lassurance prz alliance de sgci ,05-12-2025,Hans Ryder
05-12-2025,Coulibaly Adi,OLBCI,"Faites un courrier en y ajoutant les preuves de l'incident, et rendez vous à votre agence de domiciliation pour le déposer à votre gestionnaire
Je ne dis pas que cela va forcément accélérer le processus, mais cela va le rendre plus simple",sgbci je ne comprends plus rien depuis le 29 octobre 2025 je fais un retrait dans le guichet automatique bni vavoua je recois pas mon argent jappelle ma gestionnaire elle aussi ne me decroche pas ensuite je fais une reclamation via ce numero 2720201010 quel apres mon echange avec mon interlocuteur je recois un message un mois plus tard pas de suite je me suis rendu a sgbci daloa pour faire une autre reclamation le mardi 02 decembre voici les differents messages que se passetil ,05-12-2025,Gilchrist Gnionsiékan Korai
05-12-2025,Arsene Zoh,OLBCI,"La banque aime les clients qui abandonnent vite. Un même message avec deux différentes références. Si la requête n'est plus suivie, elle retient votre argent et c'est fini",sgbci je ne comprends plus rien depuis le 29 octobre 2025 je fais un retrait dans le guichet automatique bni vavoua je recois pas mon argent jappelle ma gestionnaire elle aussi ne me decroche pas ensuite je fais une reclamation via ce numero 2720201010 quel apres mon echange avec mon interlocuteur je recois un message un mois plus tard pas de suite je me suis rendu a sgbci daloa pour faire une autre reclamation le mardi 02 decembre voici les differents messages que se passetil ,05-12-2025,Gilchrist Gnionsiékan Korai
05-12-2025,Yacou Farman,OLBCI,C'est dohi,sgbci je ne comprends plus rien depuis le 29 octobre 2025 je fais un retrait dans le guichet automatique bni vavoua je recois pas mon argent jappelle ma gestionnaire elle aussi ne me decroche pas ensuite je fais une reclamation via ce numero 2720201010 quel apres mon echange avec mon interlocuteur je recois un message un mois plus tard pas de suite je me suis rendu a sgbci daloa pour faire une autre reclamation le mardi 02 decembre voici les differents messages que se passetil ,05-12-2025,Gilchrist Gnionsiékan Korai
05-12-2025,Alla Georges,OLBCI,J'ai l'impression qu'en Afrique les banques n'ont pas de considération pour les clients.,sgbci je ne comprends plus rien depuis le 29 octobre 2025 je fais un retrait dans le guichet automatique bni vavoua je recois pas mon argent jappelle ma gestionnaire elle aussi ne me decroche pas ensuite je fais une reclamation via ce numero 2720201010 quel apres mon echange avec mon interlocuteur je recois un message un mois plus tard pas de suite je me suis rendu a sgbci daloa pour faire une autre reclamation le mardi 02 decembre voici les differents messages que se passetil ,05-12-2025,Gilchrist Gnionsiékan Korai
05-12-2025,Juste LeDoya,OLBCI,6 millions,pour un salaire de 320000 f quel montant de pret peut accorder la sgci a un fonctionnaire les gars votre avis compte donc le jeu est lance,05-12-2025,Moné Désiré Moné
05-12-2025,Joel Pokou,OLBCI,Divise ce salaire par 3 et multiplie par le nombre d'années de remboursement.,pour un salaire de 320000 f quel montant de pret peut accorder la sgci a un fonctionnaire les gars votre avis compte donc le jeu est lance,05-12-2025,Moné Désiré Moné
05-12-2025,Mawa Ouattara,OLBCI,Arrêtez de faire des retraites déplacés à la BNI avec vos cartes SGIC. Ça ne passe jamais et on bloque ton argent aussi,jai effectue un retrait deplace un debit a tort depuis un guichet bni le 251025 jai fait une reclamation qui a ete pris en compte depuis le 291025 je suis a la sgci aujourdhui je suis allee dans une agence on me dit quon ne voit pas de trace de ma requete alors que jai recu un sms le jour de ma reclamation le 2910 besoin de mon argent sil vous plait voila les fetes de fin dannee merci,02-12-2025,Aguie Jocelyne Epse N'da
05-12-2025,Gael Achou,OLBCI,En la SGCI,jai effectue un retrait deplace un debit a tort depuis un guichet bni le 251025 jai fait une reclamation qui a ete pris en compte depuis le 291025 je suis a la sgci aujourdhui je suis allee dans une agence on me dit quon ne voit pas de trace de ma requete alors que jai recu un sms le jour de ma reclamation le 2910 besoin de mon argent sil vous plait voila les fetes de fin dannee merci,02-12-2025,Aguie Jocelyne Epse N'da
04-12-2025,Aguie Jocelyne Epse N'da,OLBCI,Bonjour à tous.. merci à la #SGCI..,jai effectue un retrait deplace un debit a tort depuis un guichet bni le 251025 jai fait une reclamation qui a ete pris en compte depuis le 291025 je suis a la sgci aujourdhui je suis allee dans une agence on me dit quon ne voit pas de trace de ma requete alors que jai recu un sms le jour de ma reclamation le 2910 besoin de mon argent sil vous plait voila les fetes de fin dannee merci,02-12-2025,Aguie Jocelyne Epse N'da
05-12-2025,Dolo Arnaud,OLBCI,Il faut préciser que ces bancs datent de l'ère coloniale,il est vraiment regrettable de constater qua lagence de la societe generale de cote ivoire sgci de sanpedro cite les clients sont obliges dattendre sous un soleil brulant pour acceder au guichet automatique cette situation est penible surtout pour les personnes agees les femmes et ceux qui viennent en urgence il serait souhaitable que la direction envisage des solutions simples mais essentielles comme linstallation dun abri ou dun espace ombrage afin dameliorer le confort des usagers et de preserver leur sante le bienetre des clients doit rester une priorite cordialement,05-12-2025,Karamoko Sindou Gbané
05-12-2025,Karamoko Sindou Gbané,OLBCI,"Dolo Arnaud
en plus hein",il est vraiment regrettable de constater qua lagence de la societe generale de cote ivoire sgci de sanpedro cite les clients sont obliges dattendre sous un soleil brulant pour acceder au guichet automatique cette situation est penible surtout pour les personnes agees les femmes et ceux qui viennent en urgence il serait souhaitable que la direction envisage des solutions simples mais essentielles comme linstallation dun abri ou dun espace ombrage afin dameliorer le confort des usagers et de preserver leur sante le bienetre des clients doit rester une priorite cordialement,05-12-2025,Karamoko Sindou Gbané
05-12-2025,KindAsparagus1195,OLBCI,"Le Directeur la hein, tchiaaa",il est vraiment regrettable de constater qua lagence de la societe generale de cote ivoire sgci de sanpedro cite les clients sont obliges dattendre sous un soleil brulant pour acceder au guichet automatique cette situation est penible surtout pour les personnes agees les femmes et ceux qui viennent en urgence il serait souhaitable que la direction envisage des solutions simples mais essentielles comme linstallation dun abri ou dun espace ombrage afin dameliorer le confort des usagers et de preserver leur sante le bienetre des clients doit rester une priorite cordialement,05-12-2025,Karamoko Sindou Gbané
06-12-2025,Hans Ryder,OLBCI,"Konan Dominique Kouakou
merci.",bonsoir a tous svp combien de jours dattente pour la mise a disposition des fonds apres la resiliation de lassurance prz alliance de sgci ,06-12-2025,Hans Ryder
18-12-2025,Sanogo Le Manequin,OLBCI,Bientôt orange va venir sur wave,hier j ai vu nsia sur wave il reste sib sgci,18-12-2025,Plaisir De la Goligang
19-12-2025,Plaisir De la Goligang,OLBCI,Rendez vous là où vous avez fait votre ouverture de compte avec votre application wave,hier j ai vu nsia sur wave il reste sib sgci,18-12-2025,Plaisir De la Goligang
19-12-2025,Monsìeur Sedji,OLBCI,Franchement SIB,hier j ai vu nsia sur wave il reste sib sgci,18-12-2025,Plaisir De la Goligang
19-12-2025,Kouassi Armand,OLBCI,"Dans peu de temps, la carte magnétique ne va plus servir !!",hier j ai vu nsia sur wave il reste sib sgci,18-12-2025,Plaisir De la Goligang
19-12-2025,Dje Vincent Irie Bi,OLBCI,Je pense que les deux autres banques finiront de faire comme les autres pour le bonheur des clients.,hier j ai vu nsia sur wave il reste sib sgci,18-12-2025,Plaisir De la Goligang
20-12-2025,Blanh Wilfried Kouassi,OLBCI,On attend bsic,hier j ai vu nsia sur wave il reste sib sgci,18-12-2025,Plaisir De la Goligang
19-12-2025,Dan Carter,OLBCI,BOA aussi,hier j ai vu nsia sur wave il reste sib sgci,18-12-2025,Plaisir De la Goligang
19-12-2025,Mia Johnny,OLBCI,Ca sera difficile pour la SGCI de venir sur wave hein,hier j ai vu nsia sur wave il reste sib sgci,18-12-2025,Plaisir De la Goligang
19-12-2025,Fabien Deux Fois Grand,OLBCI,"SIB!,ne rêvez même pas",hier j ai vu nsia sur wave il reste sib sgci,18-12-2025,Plaisir De la Goligang
18-12-2025,Gedeon Kouame,OLBCI,"Disons merci à
Iris De Nsiabanque",hier j ai vu nsia sur wave il reste sib sgci,18-12-2025,Plaisir De la Goligang
19-12-2025,Watê Tchoco,OLBCI,Mais ça fonctionne comment ?,hier j ai vu nsia sur wave il reste sib sgci,18-12-2025,Plaisir De la Goligang
18-12-2025,Massa Toure,OLBCI,Sur mon wave je vois pas d'abord,hier j ai vu nsia sur wave il reste sib sgci,18-12-2025,Plaisir De la Goligang
19-12-2025,Harmony Le Favorisé,OLBCI,Les banques sérieuses améliorent certaines conditions pour clients...,hier j ai vu nsia sur wave il reste sib sgci,18-12-2025,Plaisir De la Goligang
19-12-2025,Franck José Tayie,OLBCI,Ma meilleure nouvelle de la journée.félicitations,hier j ai vu nsia sur wave il reste sib sgci,18-12-2025,Plaisir De la Goligang
19-12-2025,Kouame Koko,OLBCI,Et besic,hier j ai vu nsia sur wave il reste sib sgci,18-12-2025,Plaisir De la Goligang
18-12-2025,Dabi N'ti Kouassi,OLBCI,"Si pour sib tu attends, il faut avoir moral",hier j ai vu nsia sur wave il reste sib sgci,18-12-2025,Plaisir De la Goligang
19-12-2025,Marc Arthur N'guessan,OLBCI,Vivement,hier j ai vu nsia sur wave il reste sib sgci,18-12-2025,Plaisir De la Goligang
19-12-2025,Abdel Aziz Coulibaly,OLBCI,Vraiment SGCI,hier j ai vu nsia sur wave il reste sib sgci,18-12-2025,Plaisir De la Goligang
18-12-2025,Marc Cope,OLBCI,Vous attendrez longtemps mais rien !,hier j ai vu nsia sur wave il reste sib sgci,18-12-2025,Plaisir De la Goligang
19-12-2025,Boni Assi,OLBCI,Bsic,hier j ai vu nsia sur wave il reste sib sgci,18-12-2025,Plaisir De la Goligang
19-12-2025,Elon Diarrassouba,OLBCI,Oui oui toujours en retard..,hier j ai vu nsia sur wave il reste sib sgci,18-12-2025,Plaisir De la Goligang
19-12-2025,MR LUCK,OLBCI,Et bsic,hier j ai vu nsia sur wave il reste sib sgci,18-12-2025,Plaisir De la Goligang
18-12-2025,Olsen Silva le Beni,OLBCI,"SIB on vous regarde ow , rendez nous la tâche facile comme les autres banques",hier j ai vu nsia sur wave il reste sib sgci,18-12-2025,Plaisir De la Goligang
19-12-2025,Elvis Djamala,OLBCI,Ça marche comment?,hier j ai vu nsia sur wave il reste sib sgci,18-12-2025,Plaisir De la Goligang
19-12-2025,Legality❤️,OLBCI,"J'espère que la générale ne fera pas pareil ow, trop de tentations lorsque tout est lié",hier j ai vu nsia sur wave il reste sib sgci,18-12-2025,Plaisir De la Goligang
18-12-2025,Priincess Guemie,OLBCI,Je veux pas hein,hier j ai vu nsia sur wave il reste sib sgci,18-12-2025,Plaisir De la Goligang
19-12-2025,Landry Ziriga,OLBCI,BOA pardon !!! Accepte wave,hier j ai vu nsia sur wave il reste sib sgci,18-12-2025,Plaisir De la Goligang
18-12-2025,Noukpelewé Souleymane Soro,OLBCI,Surtout la SIB - Société Ivoirienne de Banque,hier j ai vu nsia sur wave il reste sib sgci,18-12-2025,Plaisir De la Goligang
18-12-2025,Yaotakijoachim Fieni,OLBCI,BSIC,hier j ai vu nsia sur wave il reste sib sgci,18-12-2025,Plaisir De la Goligang
19-12-2025,Bamba Ismaïl,OLBCI,Et BOA,hier j ai vu nsia sur wave il reste sib sgci,18-12-2025,Plaisir De la Goligang
19-12-2025,Emmanuel Tahi,OLBCI,Et Bsic,hier j ai vu nsia sur wave il reste sib sgci,18-12-2025,Plaisir De la Goligang
18-12-2025,LeGrand Jokab,OLBCI,"Surtout SIB avec sa nuque là, son malin est troooop",hier j ai vu nsia sur wave il reste sib sgci,18-12-2025,Plaisir De la Goligang
19-12-2025,Fils Abraham,OLBCI,Meme FMI et BECEAO j'ai vue sur wave hier,hier j ai vu nsia sur wave il reste sib sgci,18-12-2025,Plaisir De la Goligang
18-12-2025,Moses Kouame,OLBCI,Esce que on prend découvert sur wave,hier j ai vu nsia sur wave il reste sib sgci,18-12-2025,Plaisir De la Goligang
19-12-2025,Adama Issouf Nouman,OLBCI,"Il faut que tous les clients de la SIB les appellent pour demander ça sinon elle ne veut pas. Le poussin qui va devenir coq
là on sait.",hier j ai vu nsia sur wave il reste sib sgci,18-12-2025,Plaisir De la Goligang
19-12-2025,Claire Fontaine,OLBCI,on attend BSIC.,hier j ai vu nsia sur wave il reste sib sgci,18-12-2025,Plaisir De la Goligang
18-12-2025,Anokoi Elvis,OLBCI,BSIC surtout,hier j ai vu nsia sur wave il reste sib sgci,18-12-2025,Plaisir De la Goligang
19-12-2025,Hervé Séhi Bi,OLBCI,Oublie pour SIB là,hier j ai vu nsia sur wave il reste sib sgci,18-12-2025,Plaisir De la Goligang
19-12-2025,Soopia Akado,OLBCI,BSIC,hier j ai vu nsia sur wave il reste sib sgci,18-12-2025,Plaisir De la Goligang
19-12-2025,Ketty Armel Tea,OLBCI,Bsic,hier j ai vu nsia sur wave il reste sib sgci,18-12-2025,Plaisir De la Goligang
19-12-2025,Lea Ahou,OLBCI,Je sais pas si c'est pareil dans les autres banques mais cette histoire de la SGBCI de ne plus produire les cartes bancaires Épargne la je comprends pas hein ceux qui n'ont pas de portable Androïd (,salutations a vous avantages et inconvenients de sgci sil vous plait merci,19-12-2025,Elysée Aka
19-12-2025,Arsene Zoh,OLBCI,Avantage : virement tardif,salutations a vous avantages et inconvenients de sgci sil vous plait merci,19-12-2025,Elysée Aka
19-12-2025,Ali Dohèrè,OLBCI,Ils sont très impolis,salutations a vous avantages et inconvenients de sgci sil vous plait merci,19-12-2025,Elysée Aka
19-12-2025,Abdoulaye Dirrassouba,OLBCI,"Agio coûteux , liaison avec wave de son compte bancaire",salutations a vous avantages et inconvenients de sgci sil vous plait merci,19-12-2025,Elysée Aka
20-12-2025,Shineke Nazo,OLBCI,Tout est question d'inconvénients merci,salutations a vous avantages et inconvenients de sgci sil vous plait merci,19-12-2025,Elysée Aka
20-12-2025,Thierry Tchatcho,OLBCI,Aucun avantage,salutations a vous avantages et inconvenients de sgci sil vous plait merci,19-12-2025,Elysée Aka
19-12-2025,Yao Adjoua Jocelyne Sara,OLBCI,Je préfère ne rien dire,salutations a vous avantages et inconvenients de sgci sil vous plait merci,19-12-2025,Elysée Aka
19-12-2025,Adom Nin Yêpê,OLBCI,Ni l'un ni l'autre,salutations a vous avantages et inconvenients de sgci sil vous plait merci,19-12-2025,Elysée Aka
19-12-2025,Charlène Ehouman,OLBCI,Les gestionnaires ne prennent jamais les appels.,salutations a vous avantages et inconvenients de sgci sil vous plait merci,19-12-2025,Elysée Aka
19-12-2025,Boris Elisee Affoum,OLBCI,Oui possible,bonsoir est il possible de faire un remboursement avec le pec a la sgci,19-12-2025,Tiecoura Keita
30-03-2026,N'guessan Elisé Djaha,OLBCI,J'attends les réponses moi aussi. Ce qui arrive à Macloclo peut arriver à Maclacla,,Date inconnue,Auteur inconnu
31-03-2026,Moussa Konate,OLBCI,Venez à la BOA CI où il y a moins de stress avec MyBOA.,,Date inconnue,Auteur inconnu
30-03-2026,Soro Yénéfol Sartre,OLBCI,Va directement voir le directeur de l'agence où tu as effectué le retrait sans obtenir l'argent...,,Date inconnue,Auteur inconnu
28-03-2026,N'cho Adolphe Biby,OLBCI,Bni aucun soucis.ça marche comme sur des roulettes.,,Date inconnue,Auteur inconnu
28-03-2026,Hassan Nabil Traoré,OLBCI,Faites très attention sinon tu vas faire le d'avril sans rien.,,Date inconnue,Auteur inconnu
29-03-2026,Vaflari Bakayoko,OLBCI,"S'il vous plaît, BDU c'est quel banque ?",,Date inconnue,Auteur inconnu
29-03-2026,LivelyBison9486,OLBCI,Banque du Trésor ne donne pas de prêt,,Date inconnue,Auteur inconnu
29-03-2026,Jean Romaric Kouamé,OLBCI,Ça existe encore ? ??,,Date inconnue,Auteur inconnu
30-03-2026,Mac Cladder Gagne,OLBCI,d là,,Date inconnue,Auteur inconnu
29-03-2026,Francis Zokou,OLBCI,Zéro pointé,,Date inconnue,Auteur inconnu
29-03-2026,Francis Zokou,OLBCI,Mon frère il n'y rien rien et rien,,Date inconnue,Auteur inconnu
30-03-2026,Jean-mari Yao,OLBCI,Le 5,,Date inconnue,Auteur inconnu
29-03-2026,Franck Beauhuit,OLBCI,C'est en panne,,Date inconnue,Auteur inconnu
29-03-2026,Tuo Magnigui,OLBCI,En panne sèche,,Date inconnue,Auteur inconnu
30-03-2026,Azo Roland Galé,OLBCI,Cette banque ci,,Date inconnue,Auteur inconnu
29-03-2026,Michaël-ange Franklin Coffie,OLBCI,La chaîne est quittée?,,Date inconnue,Auteur inconnu
29-03-2026,N'golo Coulibaly,OLBCI,Y a une roue qui est cassée,,Date inconnue,Auteur inconnu
30-03-2026,Marie Kouassi Epse Alui,OLBCI,Il faut patienter. Surtout n'essayez pas plusieurs fois.,,Date inconnue,Auteur inconnu
29-03-2026,Jagger Kone,OLBCI,"Mon cher, vous au moins les virements sont faits. À la Bicici c'est zéro pointé. C'est une banque de m......",,Date inconnue,Auteur inconnu
28-03-2026,Tonzi Yapi,OLBCI,"Toi au moins, pour nous là même wave ne reconnait pas la Bsic.",,Date inconnue,Auteur inconnu
28-03-2026,Éli-Charma Tokpah,OLBCI,BACI vers wave on dit c'est le lendemain du virement qu'on peut faire oh!!!,,Date inconnue,Auteur inconnu
27-03-2026,Ruskov Molotov,OLBCI,Faut pas essayer sinon tu vas parler seul . Ce n’est pas automatique et en plus ça fait peur .,,Date inconnue,Auteur inconnu
27-03-2026,Rahim Saint,OLBCI,Ça passe chez moi,,Date inconnue,Auteur inconnu
28-03-2026,Nouveaux Djawli Zikos,OLBCI,C est nsia qui n est pas une bonne banque,,Date inconnue,Auteur inconnu
28-03-2026,Cohésion Sociale,OLBCI,Aucun problème à la BACI,,Date inconnue,Auteur inconnu
31-03-2026,Sandy Angelo Benediction,OLBCI,"SIB - Société Ivoirienne de Banque
on vous écoute",,Date inconnue,Auteur inconnu
30-03-2026,Idi Diaboul,OLBCI,Je pense que nous et les banques on doit se voir autrement.,,Date inconnue,Auteur inconnu
30-03-2026,Adissa Fatim,OLBCI,C'est gestionnaire un peu joignable là même qui est tout le problème,,Date inconnue,Auteur inconnu
31-03-2026,Kouame Lucien Koffi,OLBCI,Crocodile alligator caïman tous pareils,,Date inconnue,Auteur inconnu
28-03-2026,Dale Carnegie,OLBCI,Avec Bicici votre cœur bât plus fort.,,Date inconnue,Auteur inconnu
28-03-2026,Elysée Aka,OLBCI,C’est ce qui est mentionné sur la brochure tarifaire de coris bank donc c’est normal,,Date inconnue,Auteur inconnu
28-03-2026,Ton Banquier en ligne,OLBCI,OUI.,,Date inconnue,Auteur inconnu
25-03-2026,Hermann Steve Parker,OLBCI,Je ne sais pas comment vous faites pour avoir toujours des embrouilles avec vos banques même. Moi voici 13 ans je suis à la BO… En voir plus,,Date inconnue,Auteur inconnu
25-03-2026,Marié Bahi,OLBCI,Carte magnétique sans doute.,,Date inconnue,Auteur inconnu
25-03-2026,MemorableRaspberry2038,OLBCI,Pareil pour moi aussi 7500,,Date inconnue,Auteur inconnu
25-03-2026,Edith Kouassi,OLBCI,Je ne sais pas ce qui se passe moi 40000,,Date inconnue,Auteur inconnu
25-03-2026,Zadi Abié Hervé,OLBCI,"""VENTE"" signifie juste le pays a été vendu et toi tu as payé pour 15k",,Date inconnue,Auteur inconnu
25-03-2026,Célestin Kouame,OLBCI,Je suis convaincu que les banques lisent tous les messages sur réseaux sociaux qui les concernent. Elles en ont besoin pour améliorer leurs services. Vous avez raison de vous exprimer.,,Date inconnue,Auteur inconnu
25-03-2026,Ernesto Kouek,OLBCI,#NsiaBanque ma réclamation la est comment après 45 jours d'attente ? Je n'ai pas encore vu mon argent.,,Date inconnue,Auteur inconnu
25-03-2026,Camille Kassi,OLBCI,La carte magnétique !,,Date inconnue,Auteur inconnu
25-03-2026,Nadege Flora Yapo,OLBCI,Mais cette Banque fait vraiment peur hein,,Date inconnue,Auteur inconnu
25-03-2026,MagicalParsnip6258,OLBCI,Le souffle de vie,,Date inconnue,Auteur inconnu
02-04-2026,Celest Kouassi,OLBCI,Ma gestionnaire à yakro gérait ça de là à là.,,Date inconnue,Auteur inconnu
02-04-2026,OS Bohouo,OLBCI,Si le credimatic n est pas lié à un prêt normalement c est 48h,,Date inconnue,Auteur inconnu
02-04-2026,Roger Miraj Lenignon Soro,OLBCI,Êtes-vous nombreux dans ce cas? Les cartes sont inutilisables ou ce sont les guichets qui ne sont pas fonctionnelles ?,,Date inconnue,Auteur inconnu
03-04-2026,Patrick NNiamien,OLBCI,"Nous qui venons là bas ,nos cœurs commencent à battre",,Date inconnue,Auteur inconnu
04-04-2023,Desire Amavi,OLBCI,"Soyez teigneux avec la SGCI, sinon ils vont finir par vous avoir à l'usure. Ils vous donnent de faux arguments pour vous enfum… En voir plus",,Date inconnue,Auteur inconnu
04-04-2023,Soonan Quamara,OLBCI,Après tout cela cette banque va venir nous dire en fin d'année qu'elle est excédentaire,,Date inconnue,Auteur inconnu
03-04-2026,Alexs Akka,OLBCI,"Franchement j aimerai qu une action soit menée afin qu au niveau de la BCEAO les comptes dormant soient consultables, car cert… En voir plus",,Date inconnue,Auteur inconnu
01-04-2026,Ok Luimeme,OLBCI,"Souleymane Cyrille Comara suite à ma plainte de savoir où est passé mon argent, je constate que NSIA en lieu et place de me re… En voir plus",,Date inconnue,Auteur inconnu
30-03-2026,Souleymane Cyrille Comara,OLBCI,"NSIA Banque Côte d'Ivoire
un de vos clients a eu un souci sur un de vos DAB à Jacqueville svp réglez son problème. On vous fai… En voir plus",,Date inconnue,Auteur inconnu
06-03-2026,Joel Pokou,OLBCI,Le propriétaire doit venir lui même m'encaisser. S'il demande à ce que je Lui fasse en dépôt alors c'est Lui qui payera les frais,,Date inconnue,Auteur inconnu
06-03-2026,Booda Ying,OLBCI,Les frais de la transaction s'élèvent à combien pour enmerder les gens sur le méta ? Pour une transaction de 100.000 les frais… En voir plus,,Date inconnue,Auteur inconnu
03-04-2026,Angelina Coulibaly,OLBCI,Dieu merci. Si c'était NSIA tu allais faire jeune et prière d abord,,Date inconnue,Auteur inconnu
03-04-2026,Vamohitie Fofana,OLBCI,C'est quoi credimatic?,,Date inconnue,Auteur inconnu
02-04-2026,Traore Beh,OLBCI,C’est une mauvaise agence,,Date inconnue,Auteur inconnu
03-04-2026,AgroConnect CI,OLBCI,Ok bien reçu,,Date inconnue,Auteur inconnu
03-04-2026,Marius Ekra,OLBCI,Bien reçu,,Date inconnue,Auteur inconnu
30-03-2026,Awa Eliane Sougue,OLBCI,Banque du Trésor super pour les épargnes de retraite et projets futurs,,Date inconnue,Auteur inconnu
07-04-2026,Diomandé Mahawa,OLBCI,Yopougon bel air,,Date inconnue,Auteur inconnu
07-04-2026,Ténéna Paul,OLBCI,Yop bel air,,Date inconnue,Auteur inconnu
08-04-2026,Kouadio Edouard Kouame,OLBCI,"6 ans est trop. Faire la demande d'un prêt de 3 ans deux , tu paieras moins d'intérêt que les 6 ans d'affilés.",,Date inconnue,Auteur inconnu
08-04-2026,Patrick NNiamien,OLBCI,RDV à une agence proche,,Date inconnue,Auteur inconnu
08-04-2026,Pere Chef,OLBCI,Donne nous le salaire Net c'est le seul moyen pour faire le calcul,,Date inconnue,Auteur inconnu
08-04-2026,Konate Karim,OLBCI,Moi je veux pour BDU. Salaire net 375000,,Date inconnue,Auteur inconnu
08-04-2026,Brou Siméon Djenvie,OLBCI,"Va sur Google, tape simulateur de prêt BNI, et cliquez sur le lien. NB: le taux est de 8.5%",,Date inconnue,Auteur inconnu
08-04-2026,Kouassi Armand,OLBCI,"Donne ton salaire, là ça sera facile pour nous de le faire. Conseiller BDU.",,Date inconnue,Auteur inconnu
08-04-2026,Eryk Kouassi Kouakou,OLBCI,Intérêt va te dja...,,Date inconnue,Auteur inconnu
08-04-2026,Sorcier de Ton-village,https://www.facebook.com/groups/656390831772336,Doum à cause de combien même tu vas dénigrer guichet des gens?,,Date inconnue,Auteur inconnu
06-08-2025,Lacoste Ediss Doray,https://www.facebook.com/groups/656390831772336,C'est sur Facebook se trouve ton gestionnaire,,Date inconnue,Auteur inconnu
06-08-2025,Christine Komlin,https://www.facebook.com/groups/656390831772336,Jamais jamais jamais ne prend pas de prêt fait avec les moyens financiers que tu as.,,Date inconnue,Auteur inconnu
07-04-2026,Martha Coul,https://www.facebook.com/groups/656390831772336,J'ai reçu une fois un message de ma banque Sib m'invitant à venir prendre un prêt Le message disait que j'étais élective. … En voir plus,,Date inconnue,Auteur inconnu
07-04-2026,Djah Lucien Dago,https://www.facebook.com/groups/656390831772336,N'ayez pas peur. Mais vous allez les sentir lorsqu'ils vont commencer les prélèvements,,Date inconnue,Auteur inconnu
08-04-2024,Djibami Koné,https://www.facebook.com/groups/656390831772336,SG Connect + carte magnétique,,Date inconnue,Auteur inconnu
06-04-2026,Roger Silué,https://www.facebook.com/groups/656390831772336,Coris Bank la meilleure,,Date inconnue,Auteur inconnu
06-04-2026,WhiteBison6285,https://www.facebook.com/groups/656390831772336,Conséquence de agios 800frcs/mois,,Date inconnue,Auteur inconnu
08-04-2025,Once.Finances,https://www.facebook.com/groups/656390831772336,Génial,,Date inconnue,Auteur inconnu
08-04-2025,Wisdom Yao Yao,https://www.facebook.com/groups/656390831772336,"C'est l'une des meilleures banque de côte d'ivoire. Orabank Daloa est super
. Moi … En voir plus",,Date inconnue,Auteur inconnu
08-04-2025,Best Man,https://www.facebook.com/groups/656390831772336,La banque des Attiés,,Date inconnue,Auteur inconnu
08-04-2025,Biali Néné Ermard,https://www.facebook.com/groups/656390831772336,Ah bon hein,,Date inconnue,Auteur inconnu
08-04-2025,Eric Polly,https://www.facebook.com/groups/656390831772336,Ceux qui sont prêt à rejoindre orabank je suis prêt à les aider,,Date inconnue,Auteur inconnu
09-04-2026,Adama Yao Saké,OLBCI,"Regarde ça et écoute attentivement, il a tout expliqué…… En voir plus",,Date inconnue,Auteur inconnu
09-04-2026,Kone Mvs Victor Schoëlcher,OLBCI,Il faut te rendre au siège Abidjan,,Date inconnue,Auteur inconnu
10-04-2026,Bohui Akoissi Perside,OLBCI,"Je ne te conseille pas ooh, depuis la prime Ado, mon salaire est O rejet pour cause de changement de banques. 3 mois sans salaires...",,Date inconnue,Auteur inconnu
10-04-2026,Roland Roland,OLBCI,tu veux quitter pourquoi toutes les banques sont les memes ́si tu n as pas d urgence fini dz rembourser ton credit et arrete d… En voir plus,,Date inconnue,Auteur inconnu
09-04-2026,Anauel Ano Lux,OLBCI,C'est sur Facebook tu as eu ton concours ?,,Date inconnue,Auteur inconnu
09-04-2026,Inzdinho Kone,OLBCI,Ils ne t'ont pas proposé une banque dans ton lieu de formation là-bas ?,,Date inconnue,Auteur inconnu
09-04-2026,Zahui LE Talentueux Getheme,OLBCI,"Koné
Kone Yacouba
trouve moi en inbox",,Date inconnue,Auteur inconnu
09-04-2026,Leygbo Nina Akpale,OLBCI,Hé fait leur un scandale il n'aime pas ça. C'est ce que j'ai fait à NSIA Anoma et puis c'est sorti chap chap.,,Date inconnue,Auteur inconnu
09-04-2026,Oulaï Hermann Tro,OLBCI,"Accroche toi frère ! Tu dois compter au moins un mois, sinon deux ! Exemple de la SIB.",,Date inconnue,Auteur inconnu
09-04-2026,Kouabénan Jeannot Badou,OLBCI,Laisse rachat appel moi afin que tu viennes à la BSIC ou bdu pour avoir bon blé ... rachat c'est pour te noyer encore...0546774459,,Date inconnue,Auteur inconnu
09-04-2026,Sindou Bamba,OLBCI,Ça dépend de ton gestionnaire...,,Date inconnue,Auteur inconnu
09-04-2026,Hervé Koffi Bi Evariste,OLBCI,Si ton gestionnaire est compétent il appui c'est une semaine,,Date inconnue,Auteur inconnu
09-04-2026,Raymond Assemien,OLBCI,3 jours comme ça sinon le lendemain c est deja propre,,Date inconnue,Auteur inconnu
09-04-2026,Sylvain Sinsin,OLBCI,"Ça c'est de l'ordre de la magie, votre question... Qui peut, mieux que votre Gestionnaine, répondre à une telle question ?",,Date inconnue,Auteur inconnu
10-04-2026,Magny Lagrenade,OLBCI,"A la SGCI, celà peut prendre une à deux semaines.",,Date inconnue,Auteur inconnu
09-04-2026,Carla Blay,OLBCI,3 jours,,Date inconnue,Auteur inconnu
10-04-2026,Jean Luc Seri Gokou,OLBCI,"Mon frère un conseil, ne fait pas de rachat stp ,tu vas augmenter le nombre d'années et là banque va profiter sur toi et tu resteras indépendant d'eux",,Date inconnue,Auteur inconnu
10-04-2026,Ibrahima Diallo,OLBCI,"Va à la BCEAO au service des contentieux. Chap chap, lis vont les appeler en ta présence pour en savoir plus",,Date inconnue,Auteur inconnu
13-04-2026,Camille Kassi,OLBCI,"Rends-toi au siège du plateau, au service des contentieux tu seras satisfait",,Date inconnue,Auteur inconnu
13-04-2026,Thomas Boti,OLBCI,Il faut passer par un commissaire de justice...,,Date inconnue,Auteur inconnu
12-04-2026,Irra Marie-privat Agnimel,OLBCI,Combien de temps devons nous patienter comme si nous étions affiliés à des établissements bancaires non professionnels. C'est… En voir plus,,Date inconnue,Auteur inconnu
12-04-2026,Oulaï Hermann Tro,OLBCI,"Son propre argent, ils n'arrivent pas à lui reverser! Nous autres qui sollicitons un prêt depuis maintenant plus d'un mois, o… En voir plus",,Date inconnue,Auteur inconnu
14-04-2025,Avec Nous Dieu Est,OLBCI,"Cavalier Solitaire
si les revenus passe par virement. Et que tu a l'attestation de virement de bail Tu ouvre un compte chèque… En voir plus",,Date inconnue,Auteur inconnu
14-04-2025,Guillaume David,OLBCI,c'est un atout très important pour l'obtention de pret.,,Date inconnue,Auteur inconnu
07-04-2026,Sindou Bamba,OLBCI,"Vous aimez agios moins chers,ce sont les conséquences.... Assumez !",,Date inconnue,Auteur inconnu
07-04-2026,Akoua Carine,OLBCI,Oui qu ils relient leur compte à wave. Ça va nous arranger.,,Date inconnue,Auteur inconnu
07-04-2026,Karl Karl,OLBCI,C'est fait exprès. Et c'est gênant,,Date inconnue,Auteur inconnu
07-04-2026,Isaac Kophy,OLBCI,"Coris Bank International Côte d'Ivoire
c'est le love parfait en tout cas.",,Date inconnue,Auteur inconnu
08-04-2026,Kouame Aime Ngoran,OLBCI,BSIC CI a prévenu tous ses clients ! Toi tu étais où.On vous simplifie la vie avec BSIC Net mais vous aimez la souffrance avec les cartes magnétiques,,Date inconnue,Auteur inconnu
07-04-2026,Thérèse Kouamé,OLBCI,Ils avaient prévenu les clients,,Date inconnue,Auteur inconnu
07-04-2026,Kouamé Pascal Koffi,OLBCI,Et puis en pleine période fête ! C'est vraiment méchant de leur part. Veuillez dénoncer sur cette plateforme afin que leurs responsables voient nos mécontentements.,,Date inconnue,Auteur inconnu
15-04-2026,Cyrille Ahikpa,OLBCI,Sincèrement NSIA est en train de me décourager hein. Moi même j'ai été débité à tort le mois passé à une sommes de 200.000F et… En voir plus,,Date inconnue,Auteur inconnu
15-04-2026,Tik Dramane Silue,OLBCI,Nsia n'est jamais cité en bon exemple.,,Date inconnue,Auteur inconnu
15-04-2026,Sébastien Zoan,OLBCI,Il faut aller faire une réclamation dans une agence. Ils vont te ramener ton argent tranquillement.,,Date inconnue,Auteur inconnu
15-04-2026,Souleymane Cyrille Comara,OLBCI,Haaa j’ai eu des commerciaux de NSIA il y’a 2 semaines à mon bureau pour me convaincre s’ouvrir un compte chez eux. Je crois que ce poste en dit long banque de Côte d’Ivoire nous ne sommes jamais à l’abri avec eux,,Date inconnue,Auteur inconnu
15-04-2026,PastelStrawberry2398,OLBCI,"C'est vrai que toutes les banques sont les mêmes mais tchèeee SVP pour les nouveaux fonctionnaires évitez les banques telles que : NSIA, BNI et surtout La SIB.",,Date inconnue,Auteur inconnu
16-04-2026,Epiphanie Kouakou,OLBCI,"Moi mes 100 mil sont restés comme ça. Débit à tort , on me fait savoir que la banque monétaire dit que l’argent est sorti ce jour.",,Date inconnue,Auteur inconnu
15-04-2026,Ange Lago,OLBCI,"Les gens se plaignent toujours de cette banque, mais vous continuez à y être....",,Date inconnue,Auteur inconnu
15-04-2026,Olivier Kouakou,OLBCI,Tchiaaa nsia deh !! Hummmm,,Date inconnue,Auteur inconnu
15-04-2026,Eric Biego,OLBCI,"Une sorte d'escroquerie bien pensé. Je suis actuellement victime d'un débit à tord. Malgré mes relances, rien n'est fait. Les margouillats d' alors n'en feraient pas pire que Nsiabanque.",,Date inconnue,Auteur inconnu
15-04-2026,Adama Diomandé,OLBCI,"On dirait que cette Banque créé assez de désagréments à ses clients hein. Le gestionnaire de ma femme est entrain tourner ma femme en rond depuis bientôt un mois pour une simple attestation de redevance. Mais tapage on va faire dans les locaux de NSIA YAMOUSSOUKRO et sur les RS, ils ne vont pas croire.",,Date inconnue,Auteur inconnu
14-04-2026,Amenan Benie de Dieu,OLBCI,Ouiiii tu es rentré dans ton découvert,,Date inconnue,Auteur inconnu
14-04-2026,Marguerite Adonle,OLBCI,Ecobank je suis à - 44320,,Date inconnue,Auteur inconnu
14-04-2026,Djah Lucien Dago,OLBCI,"Il est mieux de supporter jusqu'à la fin de votre crédit. Faire un rachat ( en interne ou ailleurs), c'est prolonger votre sou… En voir plus",,Date inconnue,Auteur inconnu
13-03-2026,Nguessan Adele Kouakou,OLBCI,Didievi,,Date inconnue,Auteur inconnu
13-03-2026,Kouakou Justin Botti,OLBCI,Beoumi et bodokro,,Date inconnue,Auteur inconnu
13-03-2026,Emile Kouadio,OLBCI,Tabou. Grabo,,Date inconnue,Auteur inconnu
13-03-2026,Anne Israella Marie Koffi,OLBCI,Beoumi je crois,,Date inconnue,Auteur inconnu
13-03-2026,Val De Roxane,OLBCI,"Grand lahou,mais il paraît que c'est fait maintenant",,Date inconnue,Auteur inconnu
13-03-2026,Fabien Deux Fois Grand,OLBCI,"Minignan,chef lieu même pas un trésor, tout est au Odienné",,Date inconnue,Auteur inconnu
13-03-2026,Aminata Konate,OLBCI,N'douci,,Date inconnue,Auteur inconnu
13-03-2026,Benito Ouattara,OLBCI,Sipilou Bouna,,Date inconnue,Auteur inconnu
13-03-2026,Ibrahim Khalil Hanifa,OLBCI,"TOUBA chez
Mamery Coco",,Date inconnue,Auteur inconnu
13-03-2026,Moustapha Kande,OLBCI,"DOROPO, BOUNA",,Date inconnue,Auteur inconnu
19-04-2026,Roland Hermann Kakou,OLBCI,Il ya combien d'agence BACI à yakro?,,Date inconnue,Auteur inconnu
19-04-2026,Prenlemin Raoul Touré,OLBCI,Oui oui pour moi c'était à Bouaflé dans le mois de Décembre.Mais pas de suite après réclamation,,Date inconnue,Auteur inconnu
19-04-2026,Trader Hlz FX,OLBCI,J'ai été contacté par mon gestionnaire pour la mise à jour. Je lui ai envoyé mes documents nécessaires pour ça depuis deux semaines de cela,,Date inconnue,Auteur inconnu
19-04-2026,Graces Benedictions Epse Behiri,OLBCI,Cette mise a jour se.fait dans toutes les banques,,Date inconnue,Auteur inconnu
19-04-2026,Ziekoun Sory,OLBCI,C'est une instruction de la BCEAO c'est dans toutes les banques,,Date inconnue,Auteur inconnu
19-04-2026,Massanou Fofana,OLBCI,Ah c'est maintenant ça arrive à la sgci si non la sib a fait aussi et ça concernait tout le monde hein. Même si on t'appelle pas un bon matin on bloque ton compte,,Date inconnue,Auteur inconnu
19-04-2026,Olivier Konan,OLBCI,Vas donner tes documents pour la mise à jour là-bas. Pourquoi vous n'aimez pas tout ce qui est procédure administrative même ? Beaucoup de nos frères du nord n'aiment pas les procédures administratives.,,Date inconnue,Auteur inconnu
19-04-2026,Louis Lambert Kore,OLBCI,Mise à jour ? Cest peut-être pour les clients neufs.,,Date inconnue,Auteur inconnu
19-04-2026,Sylvain Ouattara,OLBCI,"À la sib on m'a appelé pour régulariser mon compte, j'ai envoyé tous les documents mais malgré cela mon compte a été bloqué avant même la date limite qui nous était donné pour les régularisations. Je suis arrivé tout énervé à la banque mais ma gestionnaire très professionnelle a réglé le problème en un laps de temps. Bravo à la gestionnaire de la sib Katiola c'est une dame très dynamique.",,Date inconnue,Auteur inconnu
19-04-2026,Valy Dembele,OLBCI,La SIB a demandé cela à ces clients depuis le mois de Décembre,,Date inconnue,Auteur inconnu
19-04-2026,Boni Blaise,OLBCI,"Chaque Banque fait la mise à jour de ces clients chaque 1 ou 2 ans, c'est pas nouveau et c'est une obligation de le faire.",,Date inconnue,Auteur inconnu
19-04-2026,Cissé Sindou,OLBCI,La ''mise à jour'' toutes les banques et tout le monde est concerné. C'est la SIB qui a très vite commencé avant ses consœurs. D'après elle (banque) c'est une instruction de l'État de Côte d'Ivoire en accord avec la BCEAO afin de lutter contre le blanchiment d'argent et le financement du terrorisme. Les comptes non à jour sont restreints plus de retrait au guichet ni à la caisse. J'en ai été victime jusqu'à la régularisation.,,Date inconnue,Auteur inconnu
20-04-2026,La_réponse_que_tu_mérites.,OLBCI,Même rôle que Serge Beynaud à la can 2023 en Côte d'Ivoire.,,Date inconnue,Auteur inconnu
23-04-2026,Oot Entik,OLBCI,"Elle est un peu comme la police de la banque , si tu vas te plaindre laba elle va faire du sal à ta banque raison pour laquell… En voir plus",,Date inconnue,Auteur inconnu
20-04-2026,Kobenan Adjoumani Mermoze Kossonou,OLBCI,"Depuis bon nombre d'années, je suis à la SOGEMAD. Et ça se passe super bien.… En voir plus",,Date inconnue,Auteur inconnu
20-04-2026,Wilson Seade,OLBCI,Sogemad santé option moyenne 80 %pour vos actes médicaux en clinique et 100% confort pour l'achat de vos médicaments en pharma… En voir plus,,Date inconnue,Auteur inconnu
22-04-2026,Anne Sindi,OLBCI,Vous retourner vers l ́émetteur du chèque deja,,Date inconnue,Auteur inconnu
22-04-2026,Hassan Nabil Traoré,OLBCI,N’as-tu pas vu le classement des banques? Vous jouez avec votre argent.,,Date inconnue,Auteur inconnu
22-04-2026,Toure Cassime,OLBCI,La banque ne dispose t'elle pas d'une application pour faciliter cette opération ?,,Date inconnue,Auteur inconnu
20-04-2026,Brice Kouao,OLBCI,Les prélèvements se font uniquement sur le compte courant,,Date inconnue,Auteur inconnu
20-04-2026,Yadom Régis Kouakou,OLBCI,Non,,Date inconnue,Auteur inconnu
20-04-2026,ThrillingPeacock8833 au commentaire de Brice Kouao,OLBCI,"Brice Kouao
d'accord merci",,Date inconnue,Auteur inconnu
21-04-2026,Franck Kouadio,OLBCI,Revenez à issia svp,,Date inconnue,Auteur inconnu
20-04-2026,Komenan Kouakou,OLBCI,Non toujours avec le compte courant,,Date inconnue,Auteur inconnu
22-08-2025,Gaoussou Ouattara,OLBCI,"Malheureusement, il existe aucun code USSD pour connaître son solde Wave. Sans internet, le seul moyen de connaître votre sold… En voir plus",,Date inconnue,Auteur inconnu
22-08-2025,Yassoua Sran Akpoué,OLBCI,Internet coûte combien ?,,Date inconnue,Auteur inconnu
20-04-2026,Kobenan Adjoumani Mermoze Kossonou,OLBCI,"Depuis bon nombre d'années, je suis à la SOGEMAD. Et ça se passe super bien. Excepté qu'ils sont un peu plus cher que les autres assurances, ils ont franchement de très bonnes prestations. Vous pouvez contacter un Commercial SOGEMAD au 0506651638",,Date inconnue,Auteur inconnu
20-04-2026,Fatim Gnélé Bamba,OLBCI,"Mupemenet surtout son confort, y'a pas son",,Date inconnue,Auteur inconnu
20-04-2026,Wilson Seade,OLBCI,Sogemad santé option moyenne 80 %pour vos actes médicaux en clinique et 100% confort pour l'achat de vos médicaments en pharmacie (24500 f+5500f) /mois,,Date inconnue,Auteur inconnu
20-04-2026,ResilientGuava8938,OLBCI,Hummmmm cette affaire ci,,Date inconnue,Auteur inconnu
20-04-2026,Oulaï Hermann Tro,OLBCI,Certainement celle qui n'a pas de plafond !,,Date inconnue,Auteur inconnu
21-04-2026,Adriano De Ngam,OLBCI,Direct Sante,,Date inconnue,Auteur inconnu
20-04-2026,Edwige Chantal Memegnon,OLBCI,Vitalys,,Date inconnue,Auteur inconnu
23-04-2026,Jean Christ,OLBCI,SAAR Assurances Côte d'Ivoire,,Date inconnue,Auteur inconnu
20-04-2026,Hussen Le Bon,OLBCI,Sogemad est très bon!,,Date inconnue,Auteur inconnu
26-04-2026,Miniedy Aldis Guegnan,OLBCI,Seuls le veuf ou la veuve et les enfants mineurs peuvent bénéficier de la pension.,,Date inconnue,Auteur inconnu
26-04-2026,Christian Almamy,OLBCI,Yako à vous cependant ils manquent certains éléments qui pourraient nous aider à mieux vous répondre. Le défunt était il fonctionnaire ?,,Date inconnue,Auteur inconnu
27-04-2026,Evelyne Wayoro,OLBCI,Tu vas voir ton gestionnaire il te donnera une fiche pour faire une réclamation. Ma réclamation a duré un mois à NSIA et ils ont restitué le djai,,Date inconnue,Auteur inconnu
27-04-2026,Sedeu Josué,OLBCI,"Cat sera très longue, la procédure.",,Date inconnue,Auteur inconnu
27-04-2026,BeautifulCapybara5054,OLBCI,Vous allez fouiller c'est un enseignant. C'est eux seuls qui sont gamés sur virement,,Date inconnue,Auteur inconnu
27-04-2026,Eric Dubois Yedo,OLBCI,POINT DES VIREMENTS MOIS D'AVRIL … En voir plus,,Date inconnue,Auteur inconnu
27-04-2026,Eric Dubois Yedo,OLBCI,"POINT DES VIREMENTS MOIS D'AVRIL UBA BDU BSIC NSIA BNI BACI AFG SGBCI SIB BHCI ECOBANK CORIS BANK BICICI ORABANK D'après
Grah Anne Nb c'est depuis 10 h",,Date inconnue,Auteur inconnu
27-04-2026,Oulaï Hermann Tro,OLBCI,Certainement le mardi 28 ou au plus tard le mercredi 29.,,Date inconnue,Auteur inconnu
27-04-2026,Wily Gucci,OLBCI,Ajoute BOA,,Date inconnue,Auteur inconnu
27-04-2026,Douce Sweetie,OLBCI,"Je ne suis pas enseignant, laissez ce noble corps de métier en paix",,Date inconnue,Auteur inconnu
27-04-2026,N'guessan Elisé Djaha,OLBCI,Nous on n’est pas pressé. Tôt ou tard ça va venir,,Date inconnue,Auteur inconnu
27-04-2026,Charles Taha,OLBCI,Rendez-vous Mercredi 29,,Date inconnue,Auteur inconnu
27-04-2026,Olivier Constant Komenan,OLBCI,ça vient vers toi,,Date inconnue,Auteur inconnu
27-04-2026,Nelice Sokopao,OLBCI,J'attends de recevoir mes 28% pour quitter la Sib ce canari d'argent,,Date inconnue,Auteur inconnu
27-04-2026,Nam Eva,OLBCI,Bienvenue,,Date inconnue,Auteur inconnu
15-04-2026,Django Hamst,OLBCI,"DJO, SI TU AVAIS UN PRÊT EN COURS, TU N'ALLAIS PAS AVOIR CE PROBLÈME DE MISES À JOUR. DONC VA PRENDRE UN PRÊT TU VERRAS QU'IL … En voir plus",,Date inconnue,Auteur inconnu
15-04-2026,Patrick Stéphane Konan,OLBCI,C'est 1 an après le premier dépôt des dossiers que ma MAJ a été effectuée malgré les relances de l'agence de la localité où je travaille.,,Date inconnue,Auteur inconnu
27-04-2026,Christelle Titi,OLBCI,"Dc sa continue, safai 6mois que j'ai constaté ça!",,Date inconnue,Auteur inconnu
27-04-2026,Ziekoun Sory,OLBCI,Ce sont les riverains qui ont connecté les eaux usées aux caniveaux,,Date inconnue,Auteur inconnu
28-04-2026,Bah Dez de Dezon,OLBCI,Tous ces paramètres sont expliqués par le gestionnaire lors de la mise en place du prêt.,,Date inconnue,Auteur inconnu
28-04-2026,Jean Romaric Kouamé,OLBCI,Normalement tout est inclu dans les prélèvements,,Date inconnue,Auteur inconnu
28-04-2026,Adama Gnienima Coulibaly,OLBCI,"Sous prêt,toutes les banques prélèvent le PEC,celà fait partie de leurs fonctionnements mais des prescriptions de la BCEAO.",,Date inconnue,Auteur inconnu
30-04-2026,Stephanie Mandoue,OLBCI,Ahhhh et avec ça ils insistent pour qu'on reste sous la bâche. Merci d'en parler. Déjà que le service est très lent dans cette agence.,,Date inconnue,Auteur inconnu
